protein_id	cluster	tier	genome_id	tax_class	seq_length	dbcan_hmm_family	dbcan_sub_family	diamond_family	structure_evidence_score	foldseek_3di_best_hit	foldseek_3di_pident	saprot_cosine_to_cazyme_centroid	nearest_known_family_esmc	cosine_sim_to_nearest_family	best_0fam_hit	best_0fam_class	cosine_sim_to_0fam
jgi-Agrpra2-1020700-e_gw1.1.440.1	9	gray_zone	Agrpra2	Agaricomycetes	425	-	-	AA9	0.6011	A0A7S8D775	58.6	0.8633	GT2	0.9700	476	GT0	0.9696
jgi-Albpec1-1525584-e_gw1.4.902.1	27	gray_zone	Albpec1	Agaricomycetes	558	-	-	GH28	0.6708	A0A8H8P5D7	62.7	0.8735	CE9	0.9473	2560	GT0	0.9510
jgi-Antser1-888666-e_gw1.198.12.1	1	gray_zone	Antser1	Agaricomycetes	521	-	-	CBM48+GH13_8	0.6359	A0A8H8P723	58.5	0.8561	GT33	0.9391	6608	GT0	0.9431
jgi-Armbor1-625494-CE625493_24780	13	gray_zone	Armbor1	Agaricomycetes	1010	-	-	GT2	0.8179	A0A7R9BUJ4	57.0	0.8736	GT35	0.9719	834827	GH0	0.9778
jgi-Armcep1-8157-mRNA_ARCE_09248_g_ARCE_09248_g	-1	gray_zone	Armcep1	Agaricomycetes	826	-	-	GT1	0.7070	Q7XWL1	44.6	0.7407	GH13_40	0.8848	WMM90250.1	GH0	0.8949
jgi-Armect1-1466008-estExt_Genewise1Plus.C_2_t20090	30	high_confidence_non_cazyme	Armect1	Agaricomycetes	629	-	-	-	0.6833	A0A8H8P5D7	63.8	0.9131	GT4	0.9806	10600	AA0	0.9792
jgi-Armosto1-258982-mRNA_AROS_17238_AROS_17238	30	gray_zone	Armosto1	Agaricomycetes	1256	-	-	GT1	0.6933	Q7XWL1	40.9	0.7838	GT20	0.9272	6608	GT0	0.9226
jgi-Aurvu1-1555066-fgenesh1_kg.19_#_90_#_Locus4958v1rpkm34.89	24	gray_zone	Aurvu1	Agaricomycetes	840	-	-	GH47	0.7665	A0A9P9K3K3	76.9	0.8250	GT66	0.9464	3235	GH0	0.9412
jgi-Boled5-3551305-fgenesh1_kg.25_#_528_#_Locus13144v2rpkm9.27	0	high_confidence_non_cazyme	Boled5	Agaricomycetes	527	-	-	-	0.6072	A0A1S9DVV1	70.2	0.7830	GT76	0.9502	82511	GT0	0.9498
jgi-Boled5-3651784-gm1.13273_g	10	gray_zone	Boled5	Agaricomycetes	340	-	-	GT35	0.6392	A0A899FYG3	72.5	0.8220	AA6	0.9268	WHU02040.1	GH0	0.9392
jgi-Clavir1-151213-CE151212_8237	23	gray_zone	Clavir1	Agaricomycetes	478	-	-	GT20	0.7163	A0A7R8XF07	68.8	0.8670	CE9	0.9636	8196	GH0	0.9614
jgi-Copang1-1064413-gm1.7339_g	1	gray_zone	Copang1	Agaricomycetes	569	-	-	GH32	0.6342	A0A7H8QMU0	53.5	0.8858	GT4	0.9573	UPK96886.1	AA0	0.9610
jgi-Copang1-810393-e_gw1.25.379.1	11	gray_zone	Copang1	Agaricomycetes	614	-	-	GH16_1	0.7219	I0K9X8	60.5	0.8389	GH67	0.9739	115931	CE0	0.9740
jgi-Copscl1-468626-e_gw1.70.47.1	16	gray_zone	Copscl1	Agaricomycetes	749	-	-	CE4	0.7820	A0A7R8ZIV0	61.9	0.7982	AA6	0.9118	12973	GT0	0.9340
jgi-Cyaste1-306558-fgenesh1_pm.136_#_44	34	gray_zone	Cyaste1	Agaricomycetes	1243	-	-	GT50	0.6011	ULT88936.1	51.8	0.8843	CE9	0.9618	476	GT0	0.9685
jgi-Cyastr2-1391596-fgenesh1_pm.46_#_39	33	gray_zone	Cyastr2	Agaricomycetes	685	-	-	GH3	0.7546	A0A899FR51	65.4	0.8613	GH13_30	0.9404	7573	GT0	0.9454
jgi-Cylto1-434390-estExt_fgenesh1_pm.C_70081	30	high_confidence_non_cazyme	Cylto1	Agaricomycetes	347	-	-	-	0.6090	A0A9X4R9Q4	60.0	0.9107	GT4	0.9679	175032	CE0	0.9666
jgi-Cylto1-375266-estExt_Genewise1.C_850005	22	gray_zone	Cylto1	Agaricomycetes	354	-	-	GT35	0.6075	A0A4D6NUZ0	67.9	0.7844	GT66	0.8771	BAY76867.1	GH0	0.9028
jgi-Daequ1-721483-fgenesh1_kg.4_#_327_#_Locus96v1rpkm1101.19	17	gray_zone	Daequ1	Agaricomycetes	611	-	-	GT57	0.7421	WEJ94736.1	63.4	0.9074	CE9	0.9633	15566	AA0	0.9705
jgi-Denbi1-696161-e_gw1.895.5.1	28	gray_zone	Denbi1	Agaricomycetes	341	-	-	GH79	0.6393	UKZ78835.1	67.8	0.9150	GH13_40	0.9554	12973	GT0	0.9506
jgi-Exigl1-739200-estExt_fgenesh1_pm.C_390002	22	gray_zone	Exigl1	Agaricomycetes	358	-	-	GT35	0.6154	A0A4D6NUZ0	68.4	0.8105	GT66	0.9023	CAJ71700.1	GH0	0.9160
jgi-Exigl1-836691-estExt_Genemark1.C_1330028	9	gray_zone	Exigl1	Agaricomycetes	382	-	-	GT71	0.6096	A0A4D6KMY5	54.5	0.8799	GH3	0.9529	43515	GH0	0.9601
jgi-Fishe1-68439-gm1.133_g	3	gray_zone	Fishe1	Agaricomycetes	1567	-	-	GH2	0.6490	A0A8H8T062	55.8	0.8440	GT22	0.9687	413	GH0	0.9654
jgi-Fishe1-76926-gm1.8620_g	26	gray_zone	Fishe1	Agaricomycetes	506	-	-	GH13_11	0.6981	Q8Z2Z9	73.7	0.8432	AA6	0.9515	12973	GT0	0.9632
jgi-Fompi3-1159536-estExt_Genewise1Plus.C_110134	22	gray_zone	Fompi3	Agaricomycetes	400	-	-	GT4	0.6343	A0A8S1ZZ42	76.5	0.7325	AA6	0.8556	AZP53030.1	GT0	0.8978
jgi-Ganads1-759442-estExt_Genemark4.C_3810011	11	gray_zone	Ganads1	Agaricomycetes	638	-	-	GH78	0.6162	A0A402D720	45.5	0.8819	GH125	0.9590	472931	GH0	0.9534
jgi-Ganleu1-1058371-fgenesh1_pg.9_#_136	11	gray_zone	Ganleu1	Agaricomycetes	942	-	-	CBM5	0.7204	C7Q3P2	60.3	0.8432	GH79	0.9736	759424	GH0	0.9800
jgi-Glotr1_1-140057-estExt_Genemark1.C_000110224	16	gray_zone	Glotr1_1	Agaricomycetes	775	-	-	CE4	0.7867	A0A7R8ZIV0	62.2	0.8188	AA6	0.9154	6667	GH0	0.9370
jgi-Guyne1-1018307-MIX3809_2642_38	1	gray_zone	Guyne1	Agaricomycetes	506	-	-	CE4	0.6340	A0A8H8P723	60.2	0.8520	GT33	0.9542	13288	GH0	0.9627
jgi-Gymch1-1669995-gm1.11972_g	9	gray_zone	Gymch1	Agaricomycetes	511	-	-	GH38	0.6449	A0A8H8P736	59.2	0.8255	GH67	0.9569	5051	GH0	0.9613
jgi-Hydfim1-983923-fgenesh1_pm.6_#_171	24	gray_zone	Hydfim1	Agaricomycetes	843	-	-	GH47	0.7726	A0A9P9K3K3	78.5	0.8199	GT66	0.9452	3235	GH0	0.9408
jgi-Hyssto1-53915-e_gw1.101.20.1	30	gray_zone	Hyssto1	Agaricomycetes	627	-	-	GH152	0.7310	A0A9Q8SUF1	56.7	0.9188	GT4	0.9772	UPK96886.1	AA0	0.9741
jgi-Irplac1183_1-1851697-MIX51601_5781_83	7	gray_zone	Irplac1183_1	Agaricomycetes	865	-	-	CE4	0.6157	A0A8H8NVK9	47.7	0.8536	GT0	0.9648	371635	GH0	0.9810
jgi-Kurarg1-471121-CE471120_10433	14	gray_zone	Kurarg1	Agaricomycetes	406	-	-	GT2	0.6825	A0A9Q8SWE3	77.3	0.8803	AA6	0.9528	12973	GT0	0.9446
jgi-Lacbi2-449932-gm1.14376_g	11	gray_zone	Lacbi2	Agaricomycetes	785	-	-	GH75	0.6027	Q5AUD3	49.1	0.8733	GH127	0.9643	UOH82663.1	GH0	0.9663
jgi-Lacbi9312_2-538570-CE538569_1280	0	gray_zone	Lacbi9312_2	Agaricomycetes	544	-	-	PL7_4	0.6294	A0A7H8QT70	73.1	0.8127	GT58	0.9441	QKD61617.1	CE0	0.9683
jgi-LaccKIS6_1-1403381-estExt_fgenesh1_pm.C_1630030	-1	gray_zone	LaccKIS6_1	Agaricomycetes	1394	-	-	GH76	0.7812	A0A9Q9DQE4	74.8	0.8998	GT1	0.9731	5518	GT0	0.9749
jgi-Lacind1-2054537-fgenesh1_pg.5_#_527	11	gray_zone	Lacind1	Agaricomycetes	499	-	-	GH71	0.6367	A0A9Q8SE66	53.7	0.8821	AA3	0.9711	6422	GH0	0.9730
jgi-Lacpsa1-1260869-fgenesh1_kg.16_#_55_#_TRINITY_DN12525_c1_g1_i5	0	gray_zone	Lacpsa1	Agaricomycetes	545	-	-	AA3_2	0.6732	A0A6M7ZQI8	78.1	0.7888	GT66	0.9470	2748	CE0	0.9763
jgi-Lacqui1-1771420-fgenesh1_pm.59_#_18	25	gray_zone	Lacqui1	Agaricomycetes	339	-	-	GH16_2	0.6177	A0A8H8NSE9	70.9	0.8357	GT66	0.8882	8638	GT0	0.9260
jgi-LboTFB7829_1-1571779-fgenesh1_pm.37_#_9	-1	gray_zone	LboTFB7829_1	Agaricomycetes	442	-	-	AA1	0.6936	A5B050	73.1	0.8196	AA6	0.9234	WZL71232.1	CBM0	0.9415
jgi-Lbo_TFB10827_1-1775501-fgenesh1_kg.210_#_57_#_TRINITY_DN3724_c0_g2_i2	0	gray_zone	Lbo_TFB10827_1	Agaricomycetes	492	-	-	GH31_3	0.6240	A0A7H8QK02	73.1	0.7824	GT50	0.9197	433	GT0	0.9726
jgi-LedTMI1148_1-92493-fgenesh1_pm.284_#_1	28	gray_zone	LedTMI1148_1	Agaricomycetes	316	-	-	GH27	0.6137	UKZ78835.1	62.6	0.9033	GH13_30	0.9455	15566	AA0	0.9438
jgi-Lened1-8964-LENED_009814	6	gray_zone	Lened1	Agaricomycetes	750	-	-	GH76	0.6141	QWU90274.1	48.3	0.8649	GT1	0.9638	4117	GH0	0.9690
jgi-Lennov1-71913-fgenesh1_pm.77_#_3	28	gray_zone	Lennov1	Agaricomycetes	486	-	-	GH16_1	0.6741	A0A8H8P5D7	65.2	0.8673	AA6	0.9317	2560	GT0	0.9374
jgi-Lennov1-81515-gm1.5634_g	22	gray_zone	Lennov1	Agaricomycetes	438	-	-	GH13_1	0.6167	A0A8S2AJS5	62.6	0.7583	GT66	0.8923	8638	GT0	0.9328
jgi-Lenrap1_155-92870-fgenesh1_pm.58_#_17	3	gray_zone	Lenrap1_155	Agaricomycetes	1515	-	-	AA9	0.6059	A0A8H8T062	48.3	0.7152	GT21	0.9117	10413	GH0	0.9599
jgi-Lentinedodes1-22749-LE01Gene11350.t1	0	gray_zone	Lentinedodes1	Agaricomycetes	589	-	-	GH47	0.6510	A0A6M7ZQI8	71.4	0.8169	GT66	0.9500	2748	CE0	0.9689
jgi-Lepnud1-1326806-estExt_Genemark1.C_1800009	1	gray_zone	Lepnud1	Agaricomycetes	510	-	-	CE4	0.6406	A0A7H8QMU0	60.1	0.8433	GT4	0.9585	13288	GH0	0.9627
jgi-Lerce2-4002415-fgenesh1_kg.tig_45_#_43_#_HWTNY_transcript/57351	1	gray_zone	Lerce2	Agaricomycetes	525	-	-	CBM48+GH13_8	0.6381	A0A7H8QMU0	58.0	0.8507	GT33	0.9442	QKD61617.1	CE0	0.9515
jgi-Lerer2-3573338-fgenesh1_kg.tig_2_#_14344_#_HWTOC_transcript/1196	3	gray_zone	Lerer2	Agaricomycetes	1489	-	-	GH105	0.8108	A0A3P6D3E5	58.2	0.8856	GT66	0.9567	QRW08158.1	CE0	0.9642
jgi-Lycper1-928347-estExt_fgenesh1_pm.C_490010	12	high_confidence_non_cazyme	Lycper1	Agaricomycetes	705	-	-	-	0.6327	A0A291B0A8	50.7	0.8868	CE9	0.9525	15566	AA0	0.9543
jgi-Mycale1-1071474-fgenesh1_kg.8_#_1049_#_TRINITY_DN5225_c0_g1_i2	33	gray_zone	Mycale1	Agaricomycetes	771	-	-	GT15	0.6502	A0A6M7YVQ6	53.9	0.9130	GT20	0.9629	2551	GH0	0.9746
jgi-Mycepi1-785724-fgenesh1_kg.23_#_143_#_TRINITY_DN5289_c0_g2_i4	23	gray_zone	Mycepi1	Agaricomycetes	583	-	-	GH105	0.6648	A0A2N1L2K0	57.4	0.8722	AA3_3	0.9412	8229	GT0	0.9521
jgi-Mycepi1-974542-estExt_Genemark1.C_4_t10157	5	gray_zone	Mycepi1	Agaricomycetes	752	-	-	GH12	0.6420	UGV25854.1	52.7	0.8960	GT1	0.9637	536119	GT0	0.9759
jgi-Mycflo1-237451-CE237450_4985	31	gray_zone	Mycflo1	Agaricomycetes	657	-	-	GH1	0.6610	A0A9Q8Z011	53.9	0.8517	GT20	0.9579	476	GT0	0.9697
jgi-Mychae1-1191665-estExt_Genewise1Plus.C_1470020	-1	gray_zone	Mychae1	Agaricomycetes	655	-	-	PL1_4	0.6065	A0A7H8QQE3	56.3	0.7505	AA6	0.8175	2613	GH0	0.8633
jgi-Myclep1-1716856-estExt_Genewise1Plus.C_3490030	9	gray_zone	Myclep1	Agaricomycetes	529	-	-	GH38	0.6479	A0A8H8P736	57.5	0.8148	GH67	0.9565	472931	GH0	0.9631
jgi-Myclep1-371006-CE371005_1005	11	gray_zone	Myclep1	Agaricomycetes	728	-	-	AA3_2	0.7534	A0A7S9KUB8	59.7	0.8441	CBM20	0.9745	2739	GH0	0.9655
jgi-Mycmet1-1492185-fgenesh1_kg.2_#_902_#_TRINITY_DN11241_c0_g1_i1	27	gray_zone	Mycmet1	Agaricomycetes	524	-	-	GH28	0.6900	A0A8H8P5D7	67.3	0.8492	AA6	0.9529	12973	GT0	0.9623
jgi-Mycpol1-1273921-fgenesh1_pm.106_#_111	12	gray_zone	Mycpol1	Agaricomycetes	698	-	-	AA2	0.6899	Q7S6W4	69.6	0.8642	GT21	0.9481	600910	GT0	0.9596
jgi-Panst_KUC8834_1_1-764962-estExt_Genewise1Plus.C_260132	0	gray_zone	Panst_KUC8834_1_1	Agaricomycetes	522	-	-	GT39	0.6287	A0A7H8QK02	69.2	0.8043	GT50	0.9399	433	GT0	0.9591
jgi-Paxru2-830172-Paxru1.fgenesh1_kg.480_#_16_#_Locus1108v1rpkm153.77	23	gray_zone	Paxru2	Agaricomycetes	498	-	-	GT8	0.6422	A0A160T059	58.2	0.8969	GH2	0.9689	7573	GT0	0.9727
jgi-Paxru2-15298-Paxru1.gm1.7545_g	1	high_confidence_non_cazyme	Paxru2	Agaricomycetes	508	-	-	-	0.6564	A0A4P7NGT5	64.7	0.8735	GT33	0.9529	179548	AA0	0.9606
jgi-Phchr2-3027609-gm1.5826_g	0	gray_zone	Phchr2	Agaricomycetes	560	-	-	GH43_21	0.6228	A0A1Y6LTJ7	65.8	0.8349	GT66	0.9523	2748	CE0	0.9761
jgi-Phefer1-244041-fgenesh1_kg.1_#_78_#_TRINITY_DN10934_c0_g2_i3	12	gray_zone	Phefer1	Agaricomycetes	871	-	-	AA1	0.6328	A0A4P7C2S8	48.2	0.8977	GT33	0.9667	5518	GT0	0.9664
jgi-Phlbr1-155803-gm1.13489_g	13	gray_zone	Phlbr1	Agaricomycetes	601	-	-	GT2	0.7118	A0A160T0J5	62.1	0.8193	GH31_4	0.9590	834827	GH0	0.9633
jgi-Phoaln1-1834826-fgenesh1_kg.79_#_347_#_TRINITY_DN8078_c1_g1_i1	22	gray_zone	Phoaln1	Agaricomycetes	525	-	-	GH76	0.6728	UJR30406.1	70.0	0.7926	AA6	0.8976	BAY76867.1	GH0	0.9339
jgi-Pismar1-2875935-estExt_fgenesh1_pm.C_10160	8	gray_zone	Pismar1	Agaricomycetes	452	-	-	GH0	0.7368	A0A2N1JGS9	75.7	0.8583	GT3	0.9529	AWO97227.1	GT0	0.9600
jgi-Piswes1-3464392-e_gw1.296.36.1	25	gray_zone	Piswes1	Agaricomycetes	740	-	-	GH2	0.6800	A0A7R9BT76	68.4	0.8212	CE9	0.9002	1084	CE0	0.9392
jgi-Polar1-306288-CE306287_286	0	gray_zone	Polar1	Agaricomycetes	550	-	-	AA3_2	0.6654	A0A6M7ZQI8	77.4	0.8100	GT66	0.9599	2748	CE0	0.9735
jgi-Polsqu1-663200-fgenesh1_kg.116_#_64_#_TRINITY_DN12750_c0_g3_i1	0	gray_zone	Polsqu1	Agaricomycetes	509	-	-	AA3_2	0.6049	A0A9W8R2E6	73.9	0.7981	GT50	0.9434	433	GT0	0.9702
jgi-Polsqu1-664005-fgenesh1_kg.121_#_108_#_TRINITY_DN13075_c0_g1_i2	3	gray_zone	Polsqu1	Agaricomycetes	1570	-	-	AA9	0.6556	A0A8H8T062	52.9	0.8477	GT22	0.9698	520676	GT0	0.9679
jgi-Pornie1_2-937252-gm1.367_g	30	gray_zone	Pornie1_2	Agaricomycetes	450	-	-	GT4	0.6760	ARF90664.1	75.1	0.8541	GH38	0.9475	USP80669.1	GH0	0.9525
jgi-Porspa1-1834607-e_gw1.69.99.1	-1	gray_zone	Porspa1	Agaricomycetes	384	-	-	GH18	0.6461	A0A517L745	71.4	0.8461	GT35	0.8999	10413	GH0	0.9229
jgi-Possti1-1235823-fgenesh1_kg.28_#_14_#_TRINITY_DN2190_c0_g2_i1	-1	high_confidence_non_cazyme	Possti1	Agaricomycetes	337	-	-	-	0.6020	M5EEC9	61.8	0.8668	AA6	0.9185	6667	GH0	0.9340
jgi-Psicub1_1-34155-e_gw1.1982.113.1	31	gray_zone	Psicub1_1	Agaricomycetes	593	-	-	GH114	0.6360	A0A9Q8WER7	63.8	0.8287	GT62	0.9473	1241	GH0	0.9686
jgi-Psiser1-70127-fgenesh1_pg.38_#_81	8	gray_zone	Psiser1	Agaricomycetes	838	-	-	GT2	0.7020	WEJ95743.1	50.2	0.7994	GT3	0.9578	476	GT0	0.9541
jgi-Pycco1662_1-923617-estExt_Genemark1.C_110105	8	gray_zone	Pycco1662_1	Agaricomycetes	1224	-	-	GT7	0.8064	A0A075G076	55.1	0.7265	GT3	0.9547	AWO97227.1	GT0	0.9551
jgi-Pycsa1-1591492-fgenesh1_kg.sc_7180000650800_#_84_#_Locus4892v2rpkm35.27	24	gray_zone	Pycsa1	Agaricomycetes	849	-	-	GH47	0.7691	A0A9P9K3K3	77.2	0.8181	GT66	0.9445	3235	GH0	0.9450
jgi-Rhitru1-249202-CE249201_13018	-1	high_confidence_non_cazyme	Rhitru1	Agaricomycetes	480	-	-	-	0.7269	A0A7U2MV34	69.1	0.8537	CE9	0.9475	7573	GT0	0.9497
jgi-Rhivi1-732103-estExt_Genewise1Plus.C_210056	-1	gray_zone	Rhivi1	Agaricomycetes	313	-	-	AA1_1	0.6050	A0A9Q9DSF7	63.7	0.8405	AA6	0.9321	10726	GH0	0.9311
jgi-Rhivul1-754458-fgenesh1_kg.1_#_1260_#_TRINITY_DN1966_c0_g1_i1	31	gray_zone	Rhivul1	Agaricomycetes	1723	-	-	GH67	0.6058	K8ELT8	44.9	0.8736	GT2	0.9722	1390411	GT0	0.9697
jgi-Rhivul1-859119-estExt_fgenesh1_pm.C_330046	29	gray_zone	Rhivul1	Agaricomycetes	970	-	-	GH63	0.7596	ULT96439.1	57.5	0.8955	GT1	0.9692	632468	GT0	0.9671
jgi-Rusbre1-1091775-fgenesh1_pm.33_#_21	16	gray_zone	Rusbre1	Agaricomycetes	394	-	-	GT71	0.6787	WEJ95735.1	77.4	0.8090	AA6	0.9322	6667	GH0	0.9411
jgi-Rusrug1-1079451-estExt_Genewise1Plus.C_680020	1	high_confidence_non_cazyme	Rusrug1	Agaricomycetes	454	-	-	-	0.6058	A0A2H1FWF6	61.9	0.8613	GT1	0.9683	13288	GH0	0.9818
jgi-Schco2251_1-292255-fgenesh1_pm.93_#_7	30	high_confidence_non_cazyme	Schco2251_1	Agaricomycetes	949	-	-	-	0.7608	A0A097F8I3	55.7	0.9122	GT1	0.9787	14263	AA0	0.9813
jgi-Schco3-2567174-estExt_Genewise1Plus.C_2_t80096	8	gray_zone	Schco3	Agaricomycetes	535	-	-	GH114	0.6209	A0A9Q8WER7	61.9	0.8134	GT3	0.9578	QWW23957.1	GH0	0.9508
jgi-Schpa1-842537-estExt_Genewise1.C_00002_t20038	25	gray_zone	Schpa1	Agaricomycetes	519	-	-	GH43_30	0.7090	QGI79035.1	79.4	0.7852	AA6	0.9060	8219	AA0	0.9375
jgi-Ser400_1-1195251-gm1.1573_g	-1	gray_zone	Ser400_1	Agaricomycetes	641	-	-	GT1	0.8115	A0A8H8P159	71.0	0.8832	GH13_40	0.9654	7573	GT0	0.9816
jgi-SerlaS7_9_2-1184386-estExt_Genewise1Plus.C_5_t10474	11	gray_zone	SerlaS7_9_2	Agaricomycetes	638	-	-	GH78	0.6353	A0A402D720	48.3	0.8727	GH72	0.9529	508394	CE0	0.9542
jgi-Sisbri1-571299-estExt_Genewise1.C_7_t20078	28	gray_zone	Sisbri1	Agaricomycetes	520	-	-	GH79	0.6098	A0A2G5UV03	58.2	0.8666	GH13_30	0.9390	15566	AA0	0.9443
jgi-Suiame1-692671-CE692670_14547	25	gray_zone	Suiame1	Agaricomycetes	354	-	-	GH16_2	0.6156	A0A8H8NSE9	66.9	0.8392	GT66	0.8861	8638	GT0	0.9222
jgi-Suibov1-1260214-MIX857_6511_23	12	gray_zone	Suibov1	Agaricomycetes	525	-	-	GT32	0.6366	A0A9Q8T0R6	62.4	0.8938	GT33	0.9777	UPK96886.1	AA0	0.9719
jgi-Suidis1-710999-fgenesh1_kg.55_#_411_#_TRINITY_DN6772_c0_g1_i2	34	gray_zone	Suidis1	Agaricomycetes	797	-	-	CE16	0.7375	A0A8H8NMR2	64.7	0.7823	GT33	0.9516	476	GT0	0.9627
jgi-Suidis1-808269-MIX23135_79625_80	10	gray_zone	Suidis1	Agaricomycetes	614	-	-	GT1	0.6515	A0A9Q8WMR9	50.2	0.7612	AA6	0.8862	BDU61744.1	GH0	0.9543
jgi-Suifus1-1044550-fgenesh1_kg.41_#_81_#_TRINITY_DN7940_c0_g2_i6	23	gray_zone	Suifus1	Agaricomycetes	596	-	-	GT57	0.7035	WEJ94736.1	58.7	0.9221	AA3_3	0.9768	UPK96886.1	AA0	0.9762
jgi-Suigla1-2075338-gm4.23041_g	13	gray_zone	Suigla1	Agaricomycetes	530	-	-	GT4	0.7234	A0A8D9CM86	71.4	0.8797	GT35	0.9756	8681	GH0	0.9654
jgi-Suioch1-1222655-fgenesh1_kg.10_#_363_#_TRINITY_DN2900_c0_g1_i4	13	gray_zone	Suioch1	Agaricomycetes	589	-	-	GT2	0.7043	A0A160T0J5	61.1	0.8172	GH31_4	0.9558	834827	GH0	0.9615
jgi-Suiplac1-1386611-e_gw1.7.1467.1	0	gray_zone	Suiplac1	Agaricomycetes	536	-	-	GH27	0.6745	A0A7H8QT70	80.9	0.8201	GT50	0.9248	10413	GH0	0.9386
jgi-Suivar1-1540653-gm1.9362_g	0	gray_zone	Suivar1	Agaricomycetes	525	-	-	GT31	0.6154	A0A7H8QK02	68.4	0.7723	GT66	0.9378	2748	CE0	0.9682
jgi-Suivis2-1753126-MIX4987_880_31	3	gray_zone	Suivis2	Agaricomycetes	1431	-	-	GH0	0.6560	A0A2P7YZD8	53.9	0.8632	GT33	0.9661	QRW08158.1	CE0	0.9672
jgi-Tralj1-1071507-MIX12885_4315_48	0	gray_zone	Tralj1	Agaricomycetes	559	-	-	GT91	0.6171	A0A387HHJ8	68.9	0.8105	GT50	0.9525	700	GT0	0.9528
jgi-Tramax1-1158445-estExt_Genewise1.C_1_t30014	10	gray_zone	Tramax1	Agaricomycetes	340	-	-	GT35	0.6361	A0A899FYG3	72.3	0.8045	AA6	0.9179	UZW53771.1	GH0	0.9445
jgi-Trave1-119097-e_gw1.4.411.1	15	gray_zone	Trave1	Agaricomycetes	613	-	-	GT1	0.6891	WEJ95752.1	57.9	0.7618	GT35	0.9080	BDU61744.1	GH0	0.9286
jgi-Trucit1_1-440999-CE440998_1057	-1	gray_zone	Trucit1_1	Agaricomycetes	349	-	-	GH76	0.6018	ARA85284.1	61.6	0.8662	AA6	0.9320	12973	GT0	0.9547
jgi-Vuicom1-231450-CE231449_12818	24	gray_zone	Vuicom1	Agaricomycetes	926	-	-	GT31	0.6210	Q0V888	68.1	0.8382	GT3	0.9478	10302	GT0	0.9473
jgi-Catan2-128593-Catan1.e_gw1.174.21.1	21	gray_zone	Catan2	Blastocladiomycota	327	-	-	GH154	0.6127	A0A9Q9DWZ7	74.2	0.8034	GT3	0.9024	AUD05748.1	GT0	0.9032
jgi-Parsed1-1169523-estExt_Genemark1.C_780027	26	gray_zone	Parsed1	Blastocladiomycota	426	-	-	CBM50	0.7163	A0A160T068	75.1	0.7918	AA6	0.9321	ADB16953.1	GH0	0.9479
jgi-Enthel1-512433-gm1.4019_g	-1	gray_zone	Enthel1	Chytridiomycetes	1227	-	-	CBM18+GH16_19	0.8369	WEJ95743.1	70.6	0.7316	GT20	0.9661	EAA65303.1	GT0	0.9700
jgi-Gorhay1-193326-e_gw1.14.345.1	8	gray_zone	Gorhay1	Chytridiomycetes	1137	-	-	GH20	0.7537	A0A7R8CK07	51.8	0.8942	GT3	0.9709	AAF50079.1	GT0	0.9666
jgi-Polagg1_1-159561-CE159560_15002	31	gray_zone	Polagg1_1	Chytridiomycetes	1646	-	-	GH16_22	0.6805	QWU90274.1	50.5	0.8562	CBM48	0.9637	11235	GH0	0.9632
jgi-Dacruf1-2271574-e_gw1.25.31.1	23	gray_zone	Dacruf1	Dacrymycetes	673	-	-	GT20	0.7266	A0A7R8XF07	64.0	0.8679	GT4	0.9657	8196	GH0	0.9730
jgi-Dacruf1-2409104-fgenesh1_pm.19_#_114	23	gray_zone	Dacruf1	Dacrymycetes	591	-	-	GH93	0.7776	UKZ76834.1	68.9	0.8958	CE9	0.9670	834827	GH0	0.9705
jgi-Aurpu_var_pul1-341660-fgenesh1_kg.1_#_770_#_Locus2499v2rpkm21.00	3	gray_zone	Aurpu_var_pul1	Dothideomycetes	1032	-	-	AA3_3	0.8750	A0A4P7BYU0	66.4	0.8628	GT33	0.9362	10413	GH0	0.9599
jgi-AurpulNBB1-45400-e_gw1.5.915.1	0	gray_zone	AurpulNBB1	Dothideomycetes	614	-	-	GH105	0.6254	A0A7H8RF34	71.1	0.8333	GT66	0.9527	2748	CE0	0.9610
jgi-Bauco1-30039-fgenesh1_kg.2_#_277_#_Locus2558v1rpkm74.00	11	gray_zone	Bauco1	Dothideomycetes	658	-	-	GT25	0.6955	A0A9Q9DPK0	62.8	0.8327	CBM20	0.9664	611484	GH0	0.9598
jgi-Cerbe1-2853-transcript:PPJ50416	12	gray_zone	Cerbe1	Dothideomycetes	504	-	-	GH5_5	0.6158	A0A7R9A7P4	53.3	0.9011	GT33	0.9594	36987	GT0	0.9693
jgi-Cerzm1-40177-e_gw1.10.468.1	8	gray_zone	Cerzm1	Dothideomycetes	1186	-	-	GT7	0.8231	A0A075G076	54.3	0.8333	GT3	0.9716	472931	GH0	0.9644
jgi-ChetHm338_1-318965-fgenesh1_kg.3_#_3129_#_rec_112797	3	gray_zone	ChetHm338_1	Dothideomycetes	525	-	-	GT2	0.6655	A0A6M7ZV70	76.2	0.8663	GT20	0.9434	BCO07669.1	GT0	0.9436
jgi-CocheC5_4m-1217608-CocheC5_3.gm1.9285_g	0	gray_zone	CocheC5_4m	Dothideomycetes	561	-	-	GH27	0.6429	A0A7H8QT70	72.5	0.8439	GT57	0.9482	QRW08158.1	CE0	0.9581
jgi-Cocsa1-122751-estExt_Genewise1.C_12_t10037	4	gray_zone	Cocsa1	Dothideomycetes	1308	-	-	GH3	0.7976	A0A9Q9DR53	68.6	0.7962	GT20	0.9128	CAA2626351.1	CBM0	0.9354
jgi-Corca1-568263-fgenesh1_kg.2_#_2_#_Locus5412v1rpkm28.61	3	gray_zone	Corca1	Dothideomycetes	1270	-	-	GH3	0.6701	A0A8S1ZP17	69.3	0.7956	GT1	0.9469	QKD61617.1	CE0	0.9544
jgi-Cucbe1-320352-estExt_Genewise1.C_5_t50494	28	gray_zone	Cucbe1	Dothideomycetes	554	-	-	GT32	0.6314	A0A2G5UV03	63.4	0.8642	GH13_30	0.9416	12973	GT0	0.9469
jgi-Currey1-47144-CE47143_2647	-1	gray_zone	Currey1	Dothideomycetes	767	-	-	GH125	0.7725	A0A8F2W220	63.2	0.8857	GT33	0.9448	6608	GT0	0.9475
jgi-Daralp1-209677-CE209676_766	11	gray_zone	Daralp1	Dothideomycetes	587	-	-	GT1	0.6571	A0A9Q8SE66	53.4	0.8570	CE16	0.9803	115931	CE0	0.9737
jgi-Daralp1-224268-CE224267_17137	22	gray_zone	Daralp1	Dothideomycetes	356	-	-	GT35	0.6021	A0A4D6NUZ0	68.5	0.7610	GT66	0.8582	8638	GT0	0.8999
jgi-Denna1-491218-estExt_Genewise1Plus.C_10_t30063	32	gray_zone	Denna1	Dothideomycetes	698	-	-	AA5	0.7459	A0A2U9C9T3	60.0	0.8770	AA6	0.9438	11420	AA0	0.9474
jgi-Didma1-11864-g4955.t1	31	gray_zone	Didma1	Dothideomycetes	817	-	-	AA12	0.6983	A0A7R9BDC7	54.6	0.8489	GT2	0.9722	399540	GT0	0.9790
jgi-Didma1-16745-g9538.t1	11	gray_zone	Didma1	Dothideomycetes	539	-	-	GH0	0.6249	A0A9Q8SE66	48.1	0.8678	CE16	0.9753	6422	GH0	0.9799
jgi-Extant1-533691-e_gw1.21.106.1	8	gray_zone	Extant1	Dothideomycetes	683	-	-	GT90	0.7657	A0A8H8SRQ2	64.0	0.8288	GT3	0.9457	472931	GH0	0.9347
jgi-Glonio1-456188-CE456187_2013	11	gray_zone	Glonio1	Dothideomycetes	698	-	-	GH31_13	0.6753	A0A2D1U1B4	54.7	0.8722	GH142	0.9866	2224	GH0	0.9842
jgi-Lepmi1-529433-estExt_fgenesh1_pg.C_140066	25	gray_zone	Lepmi1	Dothideomycetes	865	-	-	GH2	0.7084	A0A7R9BT76	75.3	0.8215	GT62	0.9305	1084	CE0	0.9494
jgi-Lopma1-626860-estExt_Genewise1.C_400004	-1	gray_zone	Lopma1	Dothideomycetes	891	-	-	GH38	0.7671	A0A7R8ZIV0	54.0	0.8696	CE9	0.9305	5518	GT0	0.9446
jgi-Macan1-406859-fgenesh1_kg.3_#_472_#_Locus396v3rpkm1.04_PRE	-1	gray_zone	Macan1	Dothideomycetes	1038	-	-	GT15	0.6490	UKZ91547.1	71.2	0.6083	GT8	0.9746	8186	GH0	0.9746
jgi-Macan1-414471-fgenesh1_kg.37_#_126_#_Locus3278v1rpkm23.54	10	gray_zone	Macan1	Dothideomycetes	472	-	-	GH47	0.6297	A0A9Q8WF83	78.2	0.7368	AA6	0.8239	AXI88529.1	GH0	0.8836
jgi-Macpha1-760297-MIX12406_1125_48	30	gray_zone	Macpha1	Dothideomycetes	3962	-	-	CE16	0.8056	A0A7H8RC90	55.0	0.8944	GT20	0.9763	15301	AA0	0.9851
jgi-Myrdu1-318414-estExt_Genemark1.C_2_t10202	-1	gray_zone	Myrdu1	Dothideomycetes	605	-	-	GT32	0.7748	A0A9Q8SUF1	66.4	0.8881	CE14	0.9623	6608	GT0	0.9589
jgi-Ophdi1-310175-estExt_Genewise1.C_1_t10031	22	gray_zone	Ophdi1	Dothideomycetes	765	-	-	GH5_12	0.8000	A0A8F2W220	70.5	0.8284	GT35	0.9247	CAJ71700.1	GH0	0.9287
jgi-Parfim1-624017-estExt_Genewise1.C_2_t10420	3	gray_zone	Parfim1	Dothideomycetes	1497	-	-	GH92	0.6209	A0A8H8T062	48.0	0.8449	GT22	0.9551	11792	GT0	0.9598
jgi-Pcit120373-359801-estExt_fgenesh1_pm.C_60053	-1	gray_zone	Pcit120373	Dothideomycetes	341	-	-	GH63	0.6083	A0A9Q8T8J5	60.7	0.8556	AA6	0.9462	10726	GH0	0.9382
jgi-Pcit122670-531538-e_gw1.35.214.1	33	gray_zone	Pcit122670	Dothideomycetes	674	-	-	GH55_2	0.7461	A0A7H8QMI3	65.7	0.8711	GH13_30	0.9556	7573	GT0	0.9528
jgi-Pcit17464-617061-fgenesh1_kg.3_#_1715_#_TRINITY_DN31440_c0_g1_i1	25	gray_zone	Pcit17464	Dothideomycetes	735	-	-	GH78	0.6105	A0A3M6VGR8	46.8	0.8416	GT62	0.9090	9807	GT0	0.9550
jgi-Phapo1-287347-CE287346_2471	0	gray_zone	Phapo1	Dothideomycetes	520	-	-	CBM24	0.6579	A0A7H8RF34	79.7	0.8027	GT50	0.9377	433	GT0	0.9766
jgi-Phcit1-244384-fgenesh1_pm.13_#_50	17	high_confidence_non_cazyme	Phcit1	Dothideomycetes	424	-	-	-	0.6019	UKZ48309.1	54.0	0.8665	CE9	0.9599	USP80136.1	AA0	0.9677
jgi-Pse1611_1-569815-e_gw1.4.954.1	33	gray_zone	Pse1611_1	Dothideomycetes	887	-	-	GT22	0.7719	A0A899G1X6	64.4	0.8730	GT35	0.9489	7573	GT0	0.9513
jgi-Psehy1-479279-fgenesh1_kg.15_#_196_#_Locus8234v1rpkm3.10	20	gray_zone	Psehy1	Dothideomycetes	556	-	-	GT15	0.6894	A0A8S2B2W4	59.4	0.8886	CE9	0.9641	6608	GT0	0.9566
jgi-Rac5018_1-3138-transcript:OQO15742	30	gray_zone	Rac5018_1	Dothideomycetes	440	-	-	CBM43+GH72	0.6455	A0A7H8RBM1	62.1	0.9137	GT33	0.9762	5518	GT0	0.9759
jgi-Racan1-16999-transcript:OQN96208	0	gray_zone	Racan1	Dothideomycetes	902	-	-	GH31_4	0.6306	A0A6M7ZRF1	72.4	0.8419	GT66	0.9413	2748	CE0	0.9677
jgi-Sacpr1-72030-fgenesh1_pm.3_#_511	30	gray_zone	Sacpr1	Dothideomycetes	400	-	-	GH18	0.6923	A0A7S8DN07	73.4	0.9174	GT20	0.9552	6805	GT0	0.9613
jgi-Settu3-122795-Settu1.estExt_Genewise1.C_8_t10050	-1	gray_zone	Settu3	Dothideomycetes	572	-	-	AA3_2	0.6777	A0A9Q8WMR9	53.3	0.8785	CE9	0.9113	8229	GT0	0.9309
jgi-Stely1-1066-TW65_01044T0	-1	gray_zone	Stely1	Dothideomycetes	499	-	-	GT34	0.7012	E5A9A4	67.0	0.9006	GT1	0.9719	5518	GT0	0.9729
jgi-Tryvi1-451189-e_gw1.51.131.1	25	gray_zone	Tryvi1	Dothideomycetes	669	-	-	CBM1+GH5_5	0.6790	A0A5K1JRG7	62.1	0.8258	GT3	0.9156	1084	CE0	0.9479
jgi-Ascap1-3600-transcript:KZZ96211	-1	gray_zone	Ascap1	Eurotiomycetes	687	-	-	GT34	0.7703	A0A8S2AZU5	62.9	0.8526	GT35	0.9517	12973	GT0	0.9564
jgi-Aspac1-27609-e_gw1.6.180.1	0	gray_zone	Aspac1	Eurotiomycetes	519	-	-	GH31_4	0.6675	A0A7H8QT70	79.9	0.8025	GT58	0.9447	433	GT0	0.9747
jgi-Aspaff1-516583-fgenesh1_kg.35_#_127_#_TRINITY_DN10726_c0_g1_i8	22	gray_zone	Aspaff1	Eurotiomycetes	566	-	-	GH51_1	0.6755	A0A7H8QQE3	73.5	0.7352	GT66	0.8785	12973	GT0	0.9007
jgi-Aspalbe1-82376-CE82375_334	35	gray_zone	Aspalbe1	Eurotiomycetes	821	-	-	GT31	0.7432	A0A9Q8SDP9	74.3	0.8489	GT20	0.9457	2551	GH0	0.9600
jgi-Aspalli1-308777-gm1.3700_g	1	gray_zone	Aspalli1	Eurotiomycetes	475	-	-	GT34	0.6129	Q5BGV8	60.0	0.8913	GT33	0.9420	11792	GT0	0.9504
jgi-Aspang1-911058-fgenesh1_kg.1_#_58_#_TRINITY_DN7628_c0_g1_i1	31	gray_zone	Aspang1	Eurotiomycetes	757	-	-	AA12	0.7067	A0A7R9BDC7	55.4	0.8633	GT62	0.9725	476	GT0	0.9757
jgi-Aspang1-939564-fgenesh1_kg.28_#_163_#_TRINITY_DN7477_c0_g2_i1	31	gray_zone	Aspang1	Eurotiomycetes	793	-	-	CE8	0.6503	A0A8S2AFL3	55.5	0.7496	GT62	0.9588	399540	GT0	0.9690
jgi-Asparx1-208193-gm1.3238_g	19	gray_zone	Asparx1	Eurotiomycetes	503	-	-	GH92	0.6921	A0A8H8P5D7	70.3	0.7996	AA6	0.9228	2560	GT0	0.9539
jgi-Asparx1-214398-gm1.9443_g	3	gray_zone	Asparx1	Eurotiomycetes	677	-	-	GT15	0.6667	A0A8S1ZP17	67.6	0.8415	GT58	0.9376	QRW08158.1	CE0	0.9459
jgi-Aspass1-439093-gm1.5926_g	30	gray_zone	Aspass1	Eurotiomycetes	3971	-	-	GH29	0.8124	A0A7H8RC90	55.1	0.8866	CE9	0.9711	15301	AA0	0.9813
jgi-Aspaur1-163032-fgenesh1_kg.26_#_245_#_TRINITY_DN3327_c0_g2_i1	23	gray_zone	Aspaur1	Eurotiomycetes	870	-	-	AA3_2	0.6123	A0A9Q8Z7W0	49.6	0.9080	GH2	0.9769	450869	GH0	0.9820
jgi-Aspaurlut1-286922-fgenesh1_kg.76_#_65_#_TRINITY_DN8876_c0_g1_i1	20	gray_zone	Aspaurlut1	Eurotiomycetes	391	-	-	GT32	0.6641	A0A6L9JGG6	67.3	0.8763	CE9	0.9718	6001	GH0	0.9662
jgi-Aspaus1-911963-fgenesh1_kg.7_#_406_#_TRINITY_DN14526_c0_g1_i1	0	gray_zone	Aspaus1	Eurotiomycetes	536	-	-	CE8	0.6038	A0A1S9DVV1	67.6	0.7798	GT50	0.9263	433	GT0	0.9533
jgi-Aspaus1-975012-MIX9838_44_84	19	gray_zone	Aspaus1	Eurotiomycetes	498	-	-	GH36	0.6985	A0A8H8P5D7	71.0	0.8116	AA6	0.9066	2560	GT0	0.9468
jgi-Aspave1-161461-fgenesh1_kg.211_#_24_#_TRINITY_DN9914_c0_g1_i1	32	gray_zone	Aspave1	Eurotiomycetes	715	-	-	GT15	0.6619	A0A6M7YVQ6	56.4	0.8447	GH13_30	0.9337	10726	GH0	0.9375
jgi-Aspave1-168452-MIX764_4_12	0	gray_zone	Aspave1	Eurotiomycetes	508	-	-	GH79	0.6392	A0A9Q8WAU1	69.6	0.7732	GT58	0.9423	433	GT0	0.9761
jgi-Aspave1-47924-CE47923_373	0	gray_zone	Aspave1	Eurotiomycetes	561	-	-	GT15	0.6643	A0A6M7ZQI8	76.3	0.8075	GT58	0.9449	2748	CE0	0.9838
jgi-Aspber1-257042-fgenesh1_kg.27_#_100_#_TRINITY_DN4860_c0_g1_i1	0	high_confidence_non_cazyme	Aspber1	Eurotiomycetes	523	-	-	-	0.6179	A0A6M7ZRF1	74.6	0.7612	GT50	0.9176	2748	CE0	0.9542
jgi-Aspbic1-211372-fgenesh1_kg.33_#_132_#_TRINITY_DN1586_c0_g3_i2	1	gray_zone	Aspbic1	Eurotiomycetes	510	-	-	PL1_7	0.6732	A0A6M7YE70	64.1	0.8829	GT1	0.9659	13288	GH0	0.9761
jgi-Aspbip1-285448-fgenesh1_pm.42_#_57	12	gray_zone	Aspbip1	Eurotiomycetes	871	-	-	GH27	0.6176	A0A7H8QMR0	50.4	0.9223	GT33	0.9688	15566	AA0	0.9745
jgi-Aspbisp1-209654-MIX3212_555_100	12	gray_zone	Aspbisp1	Eurotiomycetes	467	-	-	GH13_22+GT5	0.6744	A0A6H0Y104	73.0	0.8267	GT58	0.9751	4762	GT0	0.9662
jgi-Aspbot1-208065-MIX1952_257_95	30	gray_zone	Aspbot1	Eurotiomycetes	604	-	-	GT2	0.7298	A0A8H8LWB7	55.6	0.9071	GT4	0.9789	UPK96886.1	AA0	0.9830
jgi-Aspbrevi1-272989-MIX5912_1039_81	3	gray_zone	Aspbrevi1	Eurotiomycetes	1078	-	-	AA9+CBM1	0.8482	A0A9Q8T8N0	65.4	0.8815	GT33	0.9611	1303528	GH0	0.9578
jgi-Aspca11822_1-635118-fgenesh1_kg.7_#_993_#_TRINITY_DN2413_c0_g1_i2	3	gray_zone	Aspca11822_1	Eurotiomycetes	1422	-	-	GH92	0.6376	A0A8H8T062	50.8	0.8295	GT76	0.9618	520676	GT0	0.9593
jgi-Aspca12550_1-370060-e_gw1.30.170.1	-1	gray_zone	Aspca12550_1	Eurotiomycetes	568	-	-	AA3_2	0.6752	A0A9Q8WMR9	53.4	0.8612	CE9	0.8969	8229	GT0	0.9210
jgi-Aspcaesp1-54009-fgenesh1_kg.1_#_64_#_TRINITY_DN10134_c0_g1_i1	26	gray_zone	Aspcaesp1	Eurotiomycetes	472	-	-	GH13_11	0.6863	Q8Z2Z9	70.2	0.8047	AA6	0.9417	12973	GT0	0.9603
jgi-Aspcal1-771229-ASPCAL09228	0	gray_zone	Aspcal1	Eurotiomycetes	497	-	-	AA3_2	0.6018	A0A9W8R2E6	71.4	0.7981	GT50	0.9377	433	GT0	0.9726
jgi-Aspcap1-101545-fgenesh1_kg.238_#_12_#_TRINITY_DN5160_c0_g1_i7	30	gray_zone	Aspcap1	Eurotiomycetes	658	-	-	GT4	0.7227	A0A8D9CM86	68.8	0.9032	GT4	0.9723	BEJ12974.1	AA0	0.9761
jgi-Aspcap1-96003-fgenesh1_kg.87_#_47_#_TRINITY_DN12954_c0_g1_i1	30	gray_zone	Aspcap1	Eurotiomycetes	520	-	-	GH16_4	0.6262	A0A9X4R9Q4	63.5	0.9148	GT1	0.9726	384326	CE0	0.9733
jgi-Aspcap1-98132-fgenesh1_kg.126_#_23_#_TRINITY_DN328_c0_g1_i1	28	gray_zone	Aspcap1	Eurotiomycetes	336	-	-	GH79	0.6340	UKZ78835.1	68.4	0.8904	CE9	0.9388	8632	CE0	0.9458
jgi-Aspchev1-178412-fgenesh1_kg.145_#_14_#_TRINITY_DN2845_c0_g1_i1	19	gray_zone	Aspchev1	Eurotiomycetes	497	-	-	GH92	0.6950	A0A8H8P5D7	71.9	0.7854	AA6	0.9101	2560	GT0	0.9475
jgi-Aspchris1-462272-fgenesh1_kg.24_#_241_#_TRINITY_DN36902_c0_g1_i1	3	gray_zone	Aspchris1	Eurotiomycetes	1048	-	-	AA3_3	0.8688	A0A4P7BYU0	64.4	0.8677	GT33	0.9418	10413	GH0	0.9530
jgi-Aspcib1-33209-e_gw1.42.81.1	0	gray_zone	Aspcib1	Eurotiomycetes	514	-	-	AA3_1	0.6208	A0A9Q8WAU1	71.2	0.7922	GT58	0.9370	433	GT0	0.9749
jgi-Aspcor1-26783-CE26782_2156	22	gray_zone	Aspcor1	Eurotiomycetes	541	-	-	CBM48+GH13	0.7386	UJR30406.1	80.5	0.7798	GT66	0.9102	BAY76867.1	GH0	0.9272
jgi-Aspcorea1-354823-fgenesh1_kg.118_#_108_#_TRINITY_DN5491_c0_g1_i1	26	gray_zone	Aspcorea1	Eurotiomycetes	579	-	-	GH76	0.7901	A0A9Q9DQE4	76.3	0.8376	GT66	0.9173	WNM58040.1	GH0	0.9376
jgi-Aspdro1-171139-CE171138_300	25	gray_zone	Aspdro1	Eurotiomycetes	751	-	-	GH78	0.6010	A0A3M6VGR8	50.8	0.7934	GT62	0.9118	9807	GT0	0.9506
jgi-Aspdur1-221409-fgenesh1_kg.4_#_642_#_TRINITY_DN3629_c0_g1_i1	0	gray_zone	Aspdur1	Eurotiomycetes	564	-	-	GH75	0.6540	A0A6M7ZQI8	75.3	0.8082	GT66	0.9427	2748	CE0	0.9778
jgi-Aspestel1-166022-gm1.5088_g	3	gray_zone	Aspestel1	Eurotiomycetes	1115	-	-	GH43_26	0.7188	QWU86368.1	62.1	0.5295	GT0	0.9638	ACZ81467.1	GT0	0.9713
jgi-Aspesuba1-209354-fgenesh1_kg.17_#_526_#_TRINITY_DN12201_c2_g2_i1	25	gray_zone	Aspesuba1	Eurotiomycetes	665	-	-	CBM1+GH5_5	0.6818	WFD37536.1	59.1	0.8580	GT3	0.9214	1084	CE0	0.9472
jgi-Aspeuc1-372912-estExt_Genewise1Plus.C_460208	19	gray_zone	Aspeuc1	Eurotiomycetes	506	-	-	GH92	0.6983	A0A8H8P5D7	71.0	0.8176	AA6	0.9191	2560	GT0	0.9571
jgi-Aspfalc1-156615-fgenesh1_kg.25_#_269_#_TRINITY_DN6814_c1_g2_i1	11	gray_zone	Aspfalc1	Eurotiomycetes	411	-	-	GH18	0.6439	A0A0P0CNI4	62.8	0.9073	GH72	0.9626	8449	AA0	0.9626
jgi-Aspfl2_3-2065606-e_gw1.3.516.1	11	gray_zone	Aspfl2_3	Eurotiomycetes	621	-	-	CE16	0.7457	A0A9Q8SLQ4	65.1	0.8816	GH31_1	0.9785	12232	GH0	0.9861
jgi-Aspfla1-233378-fgenesh1_kg.84_#_112_#_TRINITY_DN2812_c0_g1_i1	25	gray_zone	Aspfla1	Eurotiomycetes	904	-	-	CBM12	0.6266	A0A517LFT9	61.6	0.7404	CBM43	0.8725	2613	GH0	0.9024
jgi-Aspgal1-477259-gm1.7827_g	30	gray_zone	Aspgal1	Eurotiomycetes	560	-	-	CBM18+CBM50+GH18	0.6529	A0A6M7YVQ6	58.6	0.8753	GT4	0.9698	175032	CE0	0.9694
jgi-Asphethal1-198335-CE198334_3426	17	gray_zone	Asphethal1	Eurotiomycetes	710	-	-	GH16	0.7748	A0A2U9C9T3	63.9	0.9108	GH13_30	0.9581	UPX16359.1	AA0	0.9668
jgi-Asphethal1-261502-fgenesh1_kg.49_#_104_#_TRINITY_DN4347_c0_g1_i2	3	gray_zone	Asphethal1	Eurotiomycetes	1281	-	-	GH3	0.6636	A0A8S2ADH0	66.4	0.7939	GT50	0.9328	10413	GH0	0.9482
jgi-Asphir1-127585-CE127584_200	33	gray_zone	Asphir1	Eurotiomycetes	715	-	-	GT22	0.8377	A0A2H1GTP3	67.4	0.8815	GT35	0.9663	7573	GT0	0.9718
jgi-Asphor1-155135-MIX461_17_66	1	gray_zone	Asphor1	Eurotiomycetes	544	-	-	GH10	0.6312	A0A6M7YE70	54.1	0.8773	GT1	0.9674	13288	GH0	0.9751
jgi-Asphor1-155329-MIX655_9_48	11	gray_zone	Asphor1	Eurotiomycetes	529	-	-	CBM42+GH54	0.6092	A0A4D6KTS8	48.9	0.8730	GH31_1	0.9629	76324	CE0	0.9648
jgi-Aspind2_1-145381-CE145380_2555	3	gray_zone	Aspind2_1	Eurotiomycetes	1448	-	-	GH72	0.8018	A0A3P6D3E5	58.5	0.8652	GT2	0.9772	QKD61617.1	CE0	0.9797
jgi-Aspins1-305255-gm1.4316_g	0	gray_zone	Aspins1	Eurotiomycetes	535	-	-	GH35	0.6184	A0A7G5J8Y7	69.7	0.7719	GT58	0.9398	11792	GT0	0.9591
jgi-Aspisr1-21745-gm1.284_g	-1	gray_zone	Aspisr1	Eurotiomycetes	365	-	-	GT58	0.6660	A0A9Q9RJ02	68.4	0.8978	GH13_30	0.9549	7007	GH0	0.9593
jgi-Aspisr1_1-202703-fgenesh1_kg.105_#_1_#_TRINITY_DN9865_c0_g1_i1	32	gray_zone	Aspisr1_1	Eurotiomycetes	717	-	-	GT15	0.6671	A0A6M7YVQ6	56.7	0.8500	GH13_30	0.9311	10726	GH0	0.9358
jgi-Asplaci1-263998-fgenesh1_pm.15_#_66	0	gray_zone	Asplaci1	Eurotiomycetes	524	-	-	GH89	0.6251	A0A6M7ZRF1	75.1	0.7745	GT50	0.9467	2748	CE0	0.9696
jgi-Aspmic1-359031-gm1.8572_g	27	gray_zone	Aspmic1	Eurotiomycetes	360	-	-	GH2	0.6451	A0A6L9JGG6	68.5	0.8141	AA6	0.9338	6667	GH0	0.9506
jgi-Aspmin1-201731-fgenesh1_kg.1_#_268_#_TRINITY_DN1585_c0_g1_i1	6	gray_zone	Aspmin1	Eurotiomycetes	701	-	-	GT15	0.6072	A0A9Q8WFG6	52.4	0.8408	GT41	0.9634	1016952	CE0	0.9815
jgi-Aspmot1-273337-gm1.5041_g	23	gray_zone	Aspmot1	Eurotiomycetes	392	-	-	GT20	0.6819	A0A7S8D492	72.9	0.8846	CE9	0.9645	15566	AA0	0.9562
jgi-Aspne1-192001-MIX2342_31_18	5	gray_zone	Aspne1	Eurotiomycetes	2369	-	-	GH75	0.7574	A0A7H8RC90	56.2	0.8710	GT1	0.9725	WAO88941.1	CBM0	0.9770
jgi-Aspneoi1-72895-CE72894_1613	25	gray_zone	Aspneoi1	Eurotiomycetes	749	-	-	GH78	0.6107	A0A3M6VGR8	51.4	0.8146	GT62	0.9055	9807	GT0	0.9512
jgi-Aspneos1-46533-fgenesh1_pm.50_#_4	12	gray_zone	Aspneos1	Eurotiomycetes	714	-	-	GH1+GH95	0.6873	Q5B8M4	68.0	0.8973	GT33	0.9652	15566	AA0	0.9627
jgi-Aspneow1-186798-fgenesh1_kg.9_#_456_#_TRINITY_DN2040_c0_g1_i1	-1	gray_zone	Aspneow1	Eurotiomycetes	505	-	-	GT48	0.6842	A0A7R8X4I3	67.2	0.9028	GT33	0.9604	2551	GH0	0.9659
jgi-Aspneow1-48417-CE48416_10240	0	gray_zone	Aspneow1	Eurotiomycetes	562	-	-	GT20	0.6115	A0A9Q8WAU1	64.5	0.8020	GT66	0.9226	433	GT0	0.9741
jgi-Aspnov1-458796-fgenesh1_pm.3_#_354	0	gray_zone	Aspnov1	Eurotiomycetes	547	-	-	GH13_40	0.6383	A0A6M7ZQI8	73.6	0.8099	GT58	0.9449	433	GT0	0.9663
jgi-Aspnovo1-230329-MIX3532_24_33	30	gray_zone	Aspnovo1	Eurotiomycetes	2428	-	-	CE16	0.7974	A0A7H8RC90	53.1	0.8931	GT20	0.9764	10600	AA0	0.9801
jgi-Aspnovo1-64422-CE64421_1811	19	high_confidence_non_cazyme	Aspnovo1	Eurotiomycetes	405	-	-	-	0.6404	A0A7R8GYY3	71.8	0.8339	AA6	0.9248	2560	GT0	0.9430
jgi-Aspnut1-187131-gm1.3719_g	27	gray_zone	Aspnut1	Eurotiomycetes	315	-	-	GT17	0.6065	A0A160T5A1	69.2	0.8798	CE9	0.9295	8632	CE0	0.9355
jgi-Aspnut1-199087-fgenesh1_kg.4_#_553_#_TRINITY_DN4905_c0_g2_i1	-1	gray_zone	Aspnut1	Eurotiomycetes	389	-	-	GH3	0.6087	A0A6V7PD66	61.3	0.7436	AA6	0.8980	BEV45461.1	GH0	0.9505
jgi-Aspoer1-327329-CE327328_12185	3	gray_zone	Aspoer1	Eurotiomycetes	1247	-	-	GH0	0.6242	A0A8H8T062	44.6	0.8129	GT50	0.9395	10413	GH0	0.9875
jgi-Aspoli1_1-198524-fgenesh1_kg.154_#_43_#_TRINITY_DN6304_c0_g2_i1	32	gray_zone	Aspoli1_1	Eurotiomycetes	709	-	-	GT90	0.7711	A0A9Q8LK40	70.6	0.9046	CE9	0.9560	2551	GH0	0.9647
jgi-Aspparac1-6990-e_gw1.2.84.1	7	gray_zone	Aspparac1	Eurotiomycetes	1490	-	-	CE3	0.6155	A0A9Q8ZEG8	50.6	0.7586	GT41	0.9734	288583	GH0	0.9817
jgi-Asppari1-363899-fgenesh1_kg.98_#_43_#_TRINITY_DN4885_c0_g1_i2	23	gray_zone	Asppari1	Eurotiomycetes	533	-	-	GT34	0.6590	W0VB37	54.8	0.9048	GH13_40	0.9664	7573	GT0	0.9744
jgi-Asppern1-221874-gm1.6553_g	5	gray_zone	Asppern1	Eurotiomycetes	1072	-	-	CBM1+GH45_2	0.7519	A0A6L9JRK9	39.7	0.8681	GT1	0.9670	15113	CE0	0.9792
jgi-Asppet1-272269-fgenesh1_kg.132_#_96_#_TRINITY_DN6461_c0_g1_i1	-1	gray_zone	Asppet1	Eurotiomycetes	1213	-	-	CBM18+GH16_19	0.9148	WEJ95743.1	61.6	0.7814	GT20	0.9696	EAA65303.1	GT0	0.9717
jgi-Aspph1-209352-e_gw1.3.455.1	0	gray_zone	Aspph1	Eurotiomycetes	435	-	-	GH81	0.6314	A0A7H8QHR9	78.1	0.7839	GT50	0.9241	10413	GH0	0.9350
jgi-Asppha1-13258-e_gw1.138.2.1	22	gray_zone	Asppha1	Eurotiomycetes	536	-	-	AA3_2	0.6666	UJR30406.1	69.5	0.7921	GT66	0.9051	ACT91441.1	GT0	0.9227
jgi-Asppha1-35708-fgenesh1_pm.71_#_20	7	gray_zone	Asppha1	Eurotiomycetes	830	-	-	GH78+GH79	0.6241	Q5AXQ5	69.3	0.7930	GT0	0.9832	433198	GT0	0.9876
jgi-Asppor1-192434-fgenesh1_kg.1_#_2223_#_TRINITY_DN7400_c0_g1_i1	25	gray_zone	Asppor1	Eurotiomycetes	818	-	-	GH47	0.6849	A0A8S2ARC9	62.1	0.8148	AA6	0.8751	10447	GT0	0.9234
jgi-Asppri1-384639-gm1.5344_g	25	gray_zone	Asppri1	Eurotiomycetes	1446	-	-	GH38	0.6570	A0A8S2ARC9	48.3	0.8183	AA6	0.9175	1084	CE0	0.9367
jgi-Asppset1-151938-CE151937_921	-1	gray_zone	Asppset1	Eurotiomycetes	924	-	-	GT2	0.6162	QWU90274.1	44.0	0.9131	GT20	0.9630	2551	GH0	0.9640
jgi-Asppset1-295375-MIX5905_9_44	1	gray_zone	Asppset1	Eurotiomycetes	491	-	-	AA1	0.6152	A0A6M7YE70	58.1	0.8498	GT33	0.9634	10600	AA0	0.9551
jgi-Asppsf1-149160-fgenesh1_kg.20_#_189_#_TRINITY_DN11011_c0_g1_i1	-1	gray_zone	Asppsf1	Eurotiomycetes	660	-	-	GH31_1	0.6813	A0A1X7S587	63.4	0.8769	GT1	0.9706	3314	GH0	0.9643
jgi-Asppterr1-53558-CE53557_2857	30	gray_zone	Asppterr1	Eurotiomycetes	788	-	-	GT14	0.8108	A0A7R9FS03	63.3	0.9256	GT1	0.9757	877866	GH0	0.9735
jgi-Asppul1-478364-fgenesh1_pm.1_#_217	11	gray_zone	Asppul1	Eurotiomycetes	531	-	-	GH0	0.6193	A0A9Q8SE66	50.0	0.8734	CE0	0.9788	1019150	CE0	0.9794
jgi-Asppur1-30416-CE30415_20796	33	gray_zone	Asppur1	Eurotiomycetes	955	-	-	GT22	0.8110	A0A899G1X6	68.1	0.8898	GT33	0.9541	7573	GT0	0.9653
jgi-Asprhi1-104742-CE104741_2530	29	gray_zone	Asprhi1	Eurotiomycetes	1046	-	-	CE4	0.6455	A0A8S1ZX97	46.3	0.8945	GT1	0.9592	UZJ54052.1	AA0	0.9626
jgi-Asprub1-164161-estExt_Genewise1Plus.C_2090014	11	gray_zone	Asprub1	Eurotiomycetes	639	-	-	GT25	0.6873	A0A9Q9DPK0	59.9	0.8485	GH72	0.9634	9922	GH0	0.9569
jgi-Aspsac1-135335-CE135334_1808	3	gray_zone	Aspsac1	Eurotiomycetes	1492	-	-	GH105	0.7973	A0A3P6D3E5	58.2	0.8664	GT66	0.9418	10413	GH0	0.9643
jgi-Aspscl1-547769-fgenesh1_pg.19_#_209	21	gray_zone	Aspscl1	Eurotiomycetes	685	-	-	GH5_12	0.7919	A0A8F2W220	66.0	0.8605	GT20	0.9450	6608	GT0	0.9472
jgi-Aspses1-289691-fgenesh1_pm.2_#_94	0	gray_zone	Aspses1	Eurotiomycetes	546	-	-	CE0	0.6294	A0A6M7ZQI8	72.3	0.7986	GT66	0.9523	2748	CE0	0.9656
jgi-Aspsim1_1-183321-fgenesh1_kg.22_#_131_#_TRINITY_DN12136_c0_g1_i1	27	high_confidence_non_cazyme	Aspsim1_1	Eurotiomycetes	356	-	-	-	0.6174	A0A6L9JGG6	59.2	0.8781	CE9	0.9402	12973	GT0	0.9551
jgi-Aspspi1-277914-gm1.7579_g	5	gray_zone	Aspspi1	Eurotiomycetes	1294	-	-	GT71	0.6627	A0A6L9JRK9	43.8	0.8272	GT28	0.9650	3850	CE0	0.9774
jgi-Aspsublat1-276208-gm1.10063_g	0	gray_zone	Aspsublat1	Eurotiomycetes	481	-	-	GH31_4	0.6431	A0A7H8QT70	75.8	0.7731	GT50	0.9380	433	GT0	0.9648
jgi-Aspsubr1-300433-gm1.4589_g	34	gray_zone	Aspsubr1	Eurotiomycetes	786	-	-	CE16	0.7377	A0A8H8NMR2	63.7	0.8339	CE9	0.9494	297739	AA0	0.9622
jgi-Aspsul1-242684-fgenesh1_kg.126_#_39_#_TRINITY_DN4359_c0_g1_i1	-1	gray_zone	Aspsul1	Eurotiomycetes	851	-	-	CBM18+GH18	0.8547	A0A7H8RBM1	66.1	0.8970	GT33	0.9695	1303528	GH0	0.9726
jgi-Aspsy1-89844-gm1.6527_g	32	gray_zone	Aspsy1	Eurotiomycetes	647	-	-	GT90	0.7618	A0A9Q8LK40	70.4	0.8816	GH13_30	0.9335	10726	GH0	0.9466
jgi-Asptaic1-171851-fgenesh1_kg.58_#_57_#_TRINITY_DN1537_c0_g1_i1	1	gray_zone	Asptaic1	Eurotiomycetes	525	-	-	PL1_7	0.6892	A0A6M7YE70	66.0	0.8896	GT33	0.9595	UPK96886.1	AA0	0.9686
jgi-Asptam1-281493-fgenesh1_kg.183_#_28_#_TRINITY_DN6132_c0_g1_i4	15	gray_zone	Asptam1	Eurotiomycetes	615	-	-	GT1	0.6900	WEJ95752.1	57.0	0.7739	GT35	0.9259	12973	GT0	0.9331
jgi-Asptem1-343904-fgenesh1_kg.30_#_101_#_TRINITY_DN5940_c0_g7_i1	-1	gray_zone	Asptem1	Eurotiomycetes	627	-	-	GH136	0.7288	A0A2U9BQT5	61.6	0.9065	GH4	0.9679	179548	AA0	0.9805
jgi-Aspter1-206011-fgenesh1_pm.14_#_5	12	gray_zone	Aspter1	Eurotiomycetes	879	-	-	CBM18+CBM50	0.6029	A0A077R2I8	56.0	0.8180	GT57	0.9587	600910	GT0	0.9705
jgi-Asptur1-10529-CE10528_9140	22	gray_zone	Asptur1	Eurotiomycetes	372	-	-	GH16_20	0.6474	A0A8S2AUF1	82.2	0.7344	GT3	0.8605	8638	GT0	0.9023
jgi-Aspuni1_1-53273-fgenesh1_pm.36_#_72	30	gray_zone	Aspuni1_1	Eurotiomycetes	345	-	-	GT25	0.6157	A0A5Q3EKU1	67.5	0.8205	CE9	0.9441	175032	CE0	0.9488
jgi-Aspve1-54910-fgenesh1_pm.8_#_182	0	gray_zone	Aspve1	Eurotiomycetes	550	-	-	AA1_3	0.6090	A0A9Q8WAU1	64.9	0.8006	GT66	0.9266	433	GT0	0.9715
jgi-Aspve1-137983-e_gw1.9.388.1	-1	gray_zone	Aspve1	Eurotiomycetes	585	-	-	AA1_2	0.6608	A0A8S2B2W4	50.7	0.9153	CE9	0.9709	6001	GH0	0.9737
jgi-Aspwak1-90031-CE90030_2010	0	gray_zone	Aspwak1	Eurotiomycetes	504	-	-	GT57	0.6309	A0A9W8R2E6	72.7	0.7838	GT66	0.9414	433	GT0	0.9770
jgi-Aspwe1-169224-gm1.3159_g	-1	gray_zone	Aspwe1	Eurotiomycetes	360	-	-	GH3	0.6168	A0A4D6NUZ0	69.9	0.8041	GT35	0.9543	4045	GH0	0.9490
jgi-Blader1-6581-transcript:OAT00880	31	gray_zone	Blader1	Eurotiomycetes	969	-	-	AA1_3	0.6030	A0A6H0XZ09	73.0	0.6616	CBM48	0.9420	11673	GH0	0.9588
jgi-Bysni1-71641-gm1.617_g	18	gray_zone	Bysni1	Eurotiomycetes	485	-	-	GT0	0.6944	A0A8H8P5D7	69.8	0.8333	AA6	0.9307	2560	GT0	0.9820
jgi-Claim1-149486-PV07_08117T0	20	high_confidence_non_cazyme	Claim1	Eurotiomycetes	358	-	-	-	0.6231	A0A6L9JGG6	62.6	0.8729	GH4	0.9520	6001	GH0	0.9567
jgi-Cocim1-8737-CIMG_03105T0	2	gray_zone	Cocim1	Eurotiomycetes	344	-	-	GT62	0.6475	A0A9Q9RM93	79.2	0.8570	GH13_40	0.9506	7573	GT0	0.9494
jgi-Endpal1-2157-EPA1_004831-RA	-1	gray_zone	Endpal1	Eurotiomycetes	800	-	-	GT2	0.8397	A0A9Q8WMR9	69.3	0.8824	GT20	0.9418	476	GT0	0.9420
jgi-Epi6094_1-1126754-estExt_Genewise1Plus.C_3_t10031	18	gray_zone	Epi6094_1	Eurotiomycetes	497	-	-	GH36	0.6977	A0A8H8P5D7	69.3	0.8432	GH13_40	0.9396	2560	GT0	0.9601
jgi-EurotioJF034F_1-471437-estExt_fgenesh1_pg.C_2_t10022	18	gray_zone	EurotioJF034F_1	Eurotiomycetes	489	-	-	GT0	0.6976	A0A8H8P5D7	69.6	0.8340	GH13_40	0.9315	2560	GT0	0.9867
jgi-Exoalc1_J33-528680-fgenesh1_kg.2_#_2230_#_TRINITY_DN1514_c0_g2_i1	0	gray_zone	Exoalc1_J33	Eurotiomycetes	581	-	-	GH5_24	0.6430	A0A7H8QT70	75.3	0.8249	GT58	0.9397	433	GT0	0.9689
jgi-Exoaq1-7379-A1O9_03909T0	28	gray_zone	Exoaq1	Eurotiomycetes	432	-	-	CE16	0.6278	A0A2G5UV03	64.3	0.8551	GH4	0.9458	27602	AA0	0.9531
jgi-Exool1-135810-PV06_10794T0	23	gray_zone	Exool1	Eurotiomycetes	689	-	-	GT2	0.7418	A0A517L0X3	58.2	0.8990	CE9	0.9733	15566	AA0	0.9806
jgi-Exool1-140927-PV06_05378T0	6	gray_zone	Exool1	Eurotiomycetes	709	-	-	GH47	0.6066	A0A7S8D4P8	58.6	0.8608	GT41	0.9615	1016952	CE0	0.9721
jgi-Fonmo1-10988-AYO21_08861T0	11	gray_zone	Fonmo1	Eurotiomycetes	602	-	-	GT31	0.6442	A0A402D720	48.4	0.8890	GH3	0.9732	10672	GH0	0.9687
jgi-Helgr1-7366-transcript:PGH13473	0	gray_zone	Helgr1	Eurotiomycetes	586	-	-	CBM14	0.6137	F9G000	67.6	0.7950	GT50	0.9340	433	GT0	0.9572
jgi-HerpoJF057F_1-705883-fgenesh1_pg.4_#_146	19	gray_zone	HerpoJF057F_1	Eurotiomycetes	486	-	-	GH64	0.7007	A0A8H8P5D7	70.5	0.8343	AA6	0.9373	2560	GT0	0.9897
jgi-Monpu1-486507-fgenesh1_pg.3_#_55	0	gray_zone	Monpu1	Eurotiomycetes	567	-	-	GH105	0.6254	A0A7H8QMU0	70.9	0.8138	GT58	0.9492	433	GT0	0.9716
jgi-Pbif18543_1-199912-CE199911_11534	31	gray_zone	Pbif18543_1	Eurotiomycetes	871	-	-	AA1_3	0.6085	A0A6H0XZ09	75.5	0.6783	CBM48	0.9383	3664	GT0	0.9652
jgi-Pbif18543_1-377898-fgenesh1_kg.18_#_154_#_TRINITY_DN4258_c0_g1_i1	12	gray_zone	Pbif18543_1	Eurotiomycetes	313	-	-	GT34	0.6313	A0A7H8QQC8	73.2	0.8794	GT50	0.9637	587764	CE0	0.9570
jgi-Pbif18543_1-405468-gm4.4404_g	22	gray_zone	Pbif18543_1	Eurotiomycetes	397	-	-	GH5	0.6583	WFD20538.1	77.5	0.6715	AA6	0.8121	BEV45461.1	GH0	0.9040
jgi-Pcas15300_1-329679-MIX2034_6412_99	30	gray_zone	Pcas15300_1	Eurotiomycetes	3990	-	-	CE16	0.8035	A0A7H8RC90	53.7	0.8842	GT33	0.9728	10600	AA0	0.9821
jgi-Pcom16775_1-159782-CE159781_4521	4	gray_zone	Pcom16775_1	Eurotiomycetes	1387	-	-	GH3	0.6942	A0A9Q9DR53	61.3	0.4695	GT1	0.9310	AMM43057.1	CBM0	0.9536
jgi-Pcru16753_1-209725-fgenesh1_kg.19_#_260_#_TRINITY_DN6026_c0_g1_i1	22	gray_zone	Pcru16753_1	Eurotiomycetes	440	-	-	GH47	0.6722	ULT88936.1	77.7	0.7394	AA6	0.8870	12973	GT0	0.9197
jgi-Pdis17420_1-260424-fgenesh1_kg.13_#_304_#_TRINITY_DN3748_c0_g1_i4	26	gray_zone	Pdis17420_1	Eurotiomycetes	470	-	-	GH13_11	0.6879	Q8Z2Z9	70.6	0.8059	AA6	0.9404	12973	GT0	0.9576
jgi-Penbi1-355559-e_gw1.22.137.1	32	gray_zone	Penbi1	Eurotiomycetes	718	-	-	GT15	0.6547	A0A6M7YVQ6	55.7	0.8542	GH13_30	0.9381	7007	GH0	0.9422
jgi-Penbr2-34213-e_gw1.8.520.1	0	gray_zone	Penbr2	Eurotiomycetes	525	-	-	GT31	0.6150	A0A7H8QK02	68.0	0.7811	GT58	0.9363	433	GT0	0.9755
jgi-PenbrAgRF18_1-313714-estExt_Genewise1Plus.C_6_t30304	28	high_confidence_non_cazyme	PenbrAgRF18_1	Eurotiomycetes	579	-	-	-	0.6957	A0A8S2B2W4	59.1	0.8841	CE9	0.9306	10726	GH0	0.9411
jgi-Penfr1-9070-transcript:KUM56155	0	gray_zone	Penfr1	Eurotiomycetes	556	-	-	GH75	0.6653	A0A6M7ZQI8	75.9	0.7954	GT66	0.9497	2748	CE0	0.9706
jgi-Pengl1-382956-fgenesh1_kg.2_#_1696_#_Locus6611v1rpkm7.78	6	high_confidence_non_cazyme	Pengl1	Eurotiomycetes	699	-	-	-	0.6373	A0A9Q8T6J9	61.7	0.8321	GT41	0.9623	11493	GH0	0.9880
jgi-Penla1-381858-fgenesh1_kg.3_#_834_#_Locus7888v1rpkm2.76	0	gray_zone	Penla1	Eurotiomycetes	526	-	-	GH89	0.6352	A0A6M7ZRF1	76.3	0.7710	GT50	0.9502	433	GT0	0.9661
jgi-Pennord1-3615-rna3614	22	gray_zone	Pennord1	Eurotiomycetes	821	-	-	AA3	0.6765	WIA09999.1	60.8	0.7619	GT66	0.8943	8638	GT0	0.9158
jgi-Pennord1-9502-rna9501	0	gray_zone	Pennord1	Eurotiomycetes	503	-	-	CBM18+GH16_19	0.6240	A0A9W8R2E6	74.0	0.8154	GT58	0.9501	433	GT0	0.9828
jgi-Penpol1-4170-PENPOL_c002G07643T0	0	gray_zone	Penpol1	Eurotiomycetes	534	-	-	GH13_5	0.6208	A0A9Q8WAU1	65.3	0.7904	GT66	0.9237	2748	CE0	0.9665
jgi-Penrub1-281580-estExt_Genewise1Plus.C_180167	-1	gray_zone	Penrub1	Eurotiomycetes	1039	-	-	GH18	0.7314	A0A097F8I3	61.8	0.7495	GT1	0.9770	877866	GH0	0.9785
jgi-Pensoli1-239018-e_gw1.22.146.1	31	gray_zone	Pensoli1	Eurotiomycetes	1030	-	-	PL4_3	0.7621	A0A9Q8T5U2	55.4	0.7483	GT1	0.9684	5518	GT0	0.9689
jgi-Penswi1-104394-CE104393_5171	24	gray_zone	Penswi1	Eurotiomycetes	849	-	-	GH47	0.7786	A0A9P9K3K3	80.3	0.8247	GT66	0.9490	10302	GT0	0.9424
jgi-Penth1-192292-estExt_Genemark1.C_2060012	31	gray_zone	Penth1	Eurotiomycetes	1029	-	-	PL4_3	0.7674	A0A9Q8T5U2	53.9	0.7850	GT1	0.9679	5518	GT0	0.9694
jgi-Rhima1-3423-transcript:KIX08776	4	gray_zone	Rhima1	Eurotiomycetes	1175	-	-	GH32	0.6190	A0A8H8SZN1	55.6	0.8425	GT1	0.9343	3324	GH0	0.9475
jgi-Rhima1-5253-transcript:KIX04402	25	gray_zone	Rhima1	Eurotiomycetes	837	-	-	GH47	0.6653	A0A8S2ARC9	61.1	0.7678	GT3	0.9105	1084	CE0	0.9422
jgi-Talat1-8363-transcript:OKL58793	35	gray_zone	Talat1	Eurotiomycetes	831	-	-	GT31	0.7390	A0A9Q8SDP9	74.6	0.8461	GT2	0.9503	295	GH0	0.9635
jgi-Talem1-1559-rna-Talem1p7_2672	20	gray_zone	Talem1	Eurotiomycetes	349	-	-	GH43_21	0.6302	A0A6L9JGG6	65.3	0.8647	GH4	0.9581	UYU52098.1	CBM0	0.9555
jgi-Talst1_2-9508-TSTA_036600	1	gray_zone	Talst1_2	Eurotiomycetes	520	-	-	GH3	0.6244	A0A6M7YE70	58.9	0.8973	GT1	0.9687	306565	GT0	0.9726
jgi-ThyNC0857_1-328468-fgenesh1_kg.3_#_739_#_TRINITY_DN3589_c0_g1_i1	16	gray_zone	ThyNC0857_1	Eurotiomycetes	404	-	-	GH72	0.6720	F0W336	76.9	0.8260	GH13_40	0.9418	12973	GT0	0.9566
jgi-Trime1-1617-transcript:GBF61279	3	gray_zone	Trime1	Eurotiomycetes	1279	-	-	CE8	0.6821	A0A8S1ZP17	70.2	0.7947	GT1	0.9486	CCA23365.1	GH0	0.9628
jgi-Triru1-5376-TERG_04056T0	10	gray_zone	Triru1	Eurotiomycetes	331	-	-	GT22	0.6875	A0A7H8R5I2	83.5	0.8076	AA6	0.8977	XAH43708.1	GH0	0.9626
jgi-Trito1-3835-transcript:EGD93384	3	gray_zone	Trito1	Eurotiomycetes	670	-	-	GH32	0.6707	A0A8S1ZRI4	56.5	0.8502	GT2	0.9761	310778	GT0	0.9773
jgi-Pincor1_1-96443-CE96442_3134	30	gray_zone	Pincor1_1	Kickxellomycotina	698	-	-	GH5_12	0.7801	A0A8F2W220	69.0	0.8587	GT20	0.9588	6805	GT0	0.9579
jgi-Zancul2-4283-AX774_g2533T0	30	gray_zone	Zancul2	Kickxellomycotina	1034	-	-	GH76	0.8731	A0A7H8R1M2	75.9	0.9008	GH15	0.9795	2522	GH0	0.9751
jgi-Acastr1-122928-AST1_001044-RA	-1	gray_zone	Acastr1	Lecanoromycetes	396	-	-	GH31_2	0.6390	Q88UT2	71.6	0.8563	CE9	0.9162	2551	GH0	0.9272
jgi-Clagr3-10426-CLAGR_009741-RA	1	gray_zone	Clagr3	Lecanoromycetes	529	-	-	GT34	0.6910	A0A7H8RE03	66.4	0.8965	GT33	0.9400	15566	AA0	0.9555
jgi-Usnflo1-894335-gm1.10544_g	25	gray_zone	Usnflo1	Lecanoromycetes	1128	-	-	GH16_22	0.7020	QWU90274.1	52.6	0.8307	GT3	0.9279	QWW23957.1	GH0	0.9365
jgi-Amore1-135301-estExt_Genewise1Plus.C_3_t10452	22	gray_zone	Amore1	Leotiomycetes	451	-	-	GH146	0.6337	A0A8S2AJS5	69.1	0.6132	AA6	0.8686	BAZ26881.1	GH0	0.9100
jgi-CadmalM221_1-8158-IFR05_008043.1	5	gray_zone	CadmalM221_1	Leotiomycetes	655	-	-	CBM20+GH15	0.6326	A0A6M7YE70	61.7	0.8724	GT0	0.9514	2510520	CE0	0.9600
jgi-CadmalM34_1-945-IFR04_001531.1	1	gray_zone	CadmalM34_1	Leotiomycetes	531	-	-	GH3	0.6324	A0A6M7YE70	56.8	0.8945	GT1	0.9705	13288	GH0	0.9721
jgi-Calmar1-508881-fgenesh1_kg.211_#_67_#_TRINITY_DN1476_c0_g2_i1	26	gray_zone	Calmar1	Leotiomycetes	322	-	-	GT2	0.6405	F0W0H6	73.5	0.8655	GH13_40	0.9457	12973	GT0	0.9630
jgi-Calmar1-519167-fgenesh1_kg.429_#_31_#_TRINITY_DN3519_c0_g2_i1	22	gray_zone	Calmar1	Leotiomycetes	448	-	-	GH146	0.6877	A0A8S2AJS5	79.2	0.6007	AA6	0.8433	BEV45461.1	GH0	0.9018
jgi-Chalo1-430876-fgenesh1_kg.17_#_356_#_Locus1263v1rpkm159.99	-1	gray_zone	Chalo1	Leotiomycetes	384	-	-	AA2	0.6137	A0A7R9A3Q4	71.0	0.8180	GT66	0.8859	8638	GT0	0.9349
jgi-Erypi2-2311793-e_gw1.23.84.1	30	gray_zone	Erypi2	Leotiomycetes	468	-	-	GH114	0.6620	A0A9Q8WER7	65.7	0.8643	GH38	0.9694	VCU39578.1	GH0	0.9772
jgi-Greabi1-425777-fgenesh1_kg.6_#_698_#_TRINITY_DN17964_c0_g1_i3	18	gray_zone	Greabi1	Leotiomycetes	542	-	-	CBM18+GH18	0.7087	A0A8H8P5D7	71.0	0.8524	CE9	0.9344	2560	GT0	0.9733
jgi-Helsp1-408697-fgenesh1_kg.8_#_109_#_TRINITY_DN4529_c0_g1_i3	31	gray_zone	Helsp1	Leotiomycetes	689	-	-	AA3_2	0.6607	A0A8F2VZ42	59.1	0.8347	CBM48	0.9537	2173	GT0	0.9632
jgi-Lacsu1-206293-CE206292_13679	-1	gray_zone	Lacsu1	Leotiomycetes	696	-	-	AA5	0.7567	A0A2U9C9T3	61.7	0.8836	GH13_30	0.9468	11420	AA0	0.9493
jgi-Lacsu1-351453-fgenesh1_kg.9_#_737_#_TRINITY_DN5507_c0_g1_i1	25	gray_zone	Lacsu1	Leotiomycetes	876	-	-	GH3	0.7638	A0A8H8SYW4	62.6	0.8213	GT3	0.9528	476	GT0	0.9479
jgi-Lorma1-508990-fgenesh1_kg.13_#_264_#_TRINITY_DN3259_c0_g1_i1	0	gray_zone	Lorma1	Leotiomycetes	558	-	-	AA1_3	0.6044	A0A9Q8WAU1	60.9	0.8102	GT66	0.9228	433	GT0	0.9686
jgi-Lorma1-540740-gm1.762_g	4	gray_zone	Lorma1	Leotiomycetes	1177	-	-	GH32	0.8141	A0A8H8SZN1	55.8	0.7572	CE14	0.8773	VDD36509.1	CBM0	0.9051
jgi-MelPMI1271_1-497114-MIX24893_12_19	11	gray_zone	MelPMI1271_1	Leotiomycetes	772	-	-	CBM50	0.6600	E3QNN8	60.5	0.7063	CBM50	0.9752	17332	GH0	0.9694
jgi-Melva1-511784-fgenesh1_kg.9_#_69_#_Locus737v1rpkm180.74	3	gray_zone	Melva1	Leotiomycetes	1436	-	-	GH72	0.8220	A0A3P6D3E5	58.2	0.8725	GT2	0.9628	QKD61617.1	CE0	0.9751
jgi-NeoP8C63_1-684766-MIX18912_18443_38	22	gray_zone	NeoP8C63_1	Leotiomycetes	341	-	-	GT8	0.6431	A0A7R9G9Z6	77.3	0.8169	GT66	0.9149	CAG4634930.1	GT0	0.9222
jgi-Ocuya1-2639-rna-Psehe2p4_10101	-1	gray_zone	Ocuya1	Leotiomycetes	706	-	-	GH16	0.7696	A0A2U9C9T3	60.3	0.8898	GH13_30	0.9554	UPX16359.1	AA0	0.9614
jgi-Oidma1-56539-gm1.9869_g	0	gray_zone	Oidma1	Leotiomycetes	495	-	-	CE9	0.6279	A0A7H8QK02	69.2	0.7717	GT57	0.9223	433	GT0	0.9696
jgi-Polsie1-892347-MIX15631_2_21	30	gray_zone	Polsie1	Leotiomycetes	486	-	-	GH5_5	0.6788	A0A7R9A7P4	61.0	0.8897	GT4	0.9781	632468	GT0	0.9773
jgi-PseVKM4514_1-1784-transcript:KFY42117	1	gray_zone	PseVKM4514_1	Leotiomycetes	543	-	-	GH29	0.6585	A0A6M7YE70	59.5	0.8922	GT1	0.9654	175032	CE0	0.9705
jgi-PseVKM4520_1-2374-transcript:KFZ17093	6	gray_zone	PseVKM4520_1	Leotiomycetes	641	-	-	GH31_4	0.6065	A0A7H8QT70	73.1	0.8083	GT5	0.9499	128	GT0	0.9669
jgi-Rhesp1-18179-CE18178_3316	-1	gray_zone	Rhesp1	Leotiomycetes	623	-	-	CE8	0.7659	A0A8S2ANN5	64.6	0.8821	GH31_4	0.9361	7007	GH0	0.9375
jgi-Rhesp1-514363-fgenesh1_kg.16_#_905_#_TRINITY_DN7771_c0_g1_i7	15	gray_zone	Rhesp1	Leotiomycetes	615	-	-	GT1	0.6837	WEJ95752.1	56.4	0.7661	GT35	0.9250	CAD7254438.1	GH0	0.9295
jgi-Rhier1-574748-e_gw1.24.92.1	23	gray_zone	Rhier1	Leotiomycetes	391	-	-	PL7_4	0.6308	A0A7H8QKC9	59.4	0.9227	CE9	0.9747	UPK96886.1	AA0	0.9697
jgi-Rhyco1-10335-transcript:CZT11964	31	gray_zone	Rhyco1	Leotiomycetes	1032	-	-	PL4_3	0.6257	A0A9Q8T5U2	49.5	0.6128	GT1	0.9702	5894	GH0	0.9702
jgi-XylPMI703_1-872423-MIX8007_268_25	0	gray_zone	XylPMI703_1	Leotiomycetes	561	-	-	CBM48+GH13_8	0.6534	A0A6M7ZQI8	71.6	0.7949	GT66	0.9565	2748	CE0	0.9724
jgi-Zalva1-481810-e_gw1.12.1165.1	28	gray_zone	Zalva1	Leotiomycetes	324	-	-	GH43_26	0.6240	A0A9Q9DSF7	65.7	0.8518	GH13_30	0.9324	10726	GH0	0.9523
jgi-DiorN22417_1-467-BGZ58_000471-T1	30	gray_zone	DiorN22417_1	Mortierellomycotina	517	-	-	AA1	0.7106	A0A2R6WUX0	73.5	0.9159	GT20	0.9823	CAG4634841.1	GT0	0.9748
jgi-Disdec1-682458-fgenesh1_kg.2_#_2392_#_TRINITY_DN3183_c0_g1_i2	34	gray_zone	Disdec1	Mortierellomycotina	755	-	-	CE16	0.7624	A0A8H8NMR2	57.7	0.8908	GT20	0.9547	2551	GH0	0.9602
jgi-HaspN3175_1-2549-BGZ49_002561-T1	7	gray_zone	HaspN3175_1	Mortierellomycotina	1101	-	-	AA3_1+AA8	0.6335	Q5BGH8	55.1	0.8308	GT0	0.9764	6433	GT0	0.9853
jgi-MoanKOD1229_1-5486-BGZ75_005571-T1	3	gray_zone	MoanKOD1229_1	Mortierellomycotina	1620	-	-	GH2	0.6692	A0A8H8T062	56.5	0.8428	GT1	0.9647	CCA23365.1	GH0	0.9703
jgi-MoelGBA34_1-6700-BGZ88_006742-T1	21	gray_zone	MoelGBA34_1	Mortierellomycotina	335	-	-	GH18	0.6132	A0A9Q9DWZ7	73.5	0.7706	GT35	0.8765	12973	GT0	0.9047
jgi-MoepN5512_1-9319-BGZ94_009412-T1	22	gray_zone	MoepN5512_1	Mortierellomycotina	450	-	-	GH146	0.6325	A0A8S2AJS5	68.6	0.6156	AA6	0.8550	BAZ26881.1	GH0	0.9066
jgi-MogaNVP60_1-7240-BGZ97_007307-T1	3	gray_zone	MogaNVP60_1	Mortierellomycotina	1232	-	-	GT8	0.6086	A0A8H8T062	54.9	0.8096	GT1	0.9646	QKD61617.1	CE0	0.9685
jgi-MomiNVP1_1-3325-BG006_003361-T1	10	gray_zone	MomiNVP1_1	Mortierellomycotina	366	-	-	GT2	0.6598	A0A160SZJ3	74.9	0.7982	AA6	0.8770	BEV45461.1	GH0	0.9500
jgi-Morel_U14_1-538537-estExt_Genemark1.C_170200	3	gray_zone	Morel_U14_1	Mortierellomycotina	1440	-	-	GH0	0.6710	A0A8H8T062	53.0	0.8377	GT1	0.9643	QKD61617.1	CE0	0.9719
jgi-Mosp14UC_1-9261-BGW39_009330-T1	0	gray_zone	Mosp14UC_1	Mortierellomycotina	553	-	-	GH23	0.6311	Q9PBD6	72.6	0.8334	GT58	0.9443	QKD61617.1	CE0	0.9548
jgi-MospAM989_1-7737-BGX27_007807-T1	1	gray_zone	MospAM989_1	Mortierellomycotina	468	-	-	GT23	0.6004	A0A8S2A986	50.5	0.9201	GT1	0.9712	384326	CE0	0.9713
jgi-MospKOD1030_1-1566-BGZ74_001585-T1	8	gray_zone	MospKOD1030_1	Mortierellomycotina	919	-	-	GT2	0.6987	WEJ95743.1	48.9	0.7985	GT3	0.9648	476	GT0	0.9553
jgi-MoveAD079_1-5128-CPB97_005181-T1	3	gray_zone	MoveAD079_1	Mortierellomycotina	1434	-	-	CE8	0.6774	A0A8S2ADH0	61.7	0.8440	GT20	0.9415	QKD61617.1	CE0	0.9525
jgi-MozyN2592_1-2627-EC991_002689-T1	3	gray_zone	MozyN2592_1	Mortierellomycotina	1060	-	-	AA9+CBM1	0.8600	A0A9Q8T8N0	62.1	0.8643	GT35	0.9519	4045	GH0	0.9475
jgi-MozyPUSTF9C_1-3505-FBU30_003550-T1	21	gray_zone	MozyPUSTF9C_1	Mortierellomycotina	371	-	-	GH154	0.6247	A0A9Q9DWZ7	78.0	0.7639	GT66	0.8700	QIK54847.1	GT0	0.8839
jgi-Bacci1-288216-fgenesh1_kg.212_#_5_#_Locus458v1rpkm441.27	26	gray_zone	Bacci1	Mucoromycotina	365	-	-	AA1	0.6436	A0A7T0JS56	69.7	0.8134	AA6	0.9585	12973	GT0	0.9490
jgi-Chabre1-165727-fgenesh1_kg.36_#_122_#_TRINITY_DN2269_c0_g2_i1	35	high_confidence_non_cazyme	Chabre1	Mucoromycotina	526	-	-	-	0.6460	A0A834VD39	71.0	0.8229	GT20	0.9174	EAA65303.1	GT0	0.9293
jgi-Chabre1-167439-fgenesh1_kg.51_#_22_#_TRINITY_DN5681_c1_g1_i1	10	gray_zone	Chabre1	Mucoromycotina	702	-	-	GH152	0.8221	A0A8S2B1C7	74.6	0.7335	AA6	0.8707	AZL15609.1	GH0	0.9179
jgi-Chlpad1-429628-fgenesh1_kg.16_#_584_#_TRINITY_DN8934_c0_g1_i1	11	gray_zone	Chlpad1	Mucoromycotina	415	-	-	CBM50	0.6022	A0A077W9W9	69.2	0.7649	GH75	0.9506	218908	GH0	0.9587
jgi-Cokrec1-517014-fgenesh1_kg.22_#_233_#_TRINITY_DN2624_c0_g1_i1	-1	gray_zone	Cokrec1	Mucoromycotina	433	-	-	CBM50	0.7320	A0A160T068	77.8	0.8111	AA6	0.9409	CAB3263900.1	GH0	0.9541
jgi-FenlinCB54_1-665420-estExt_fgenesh1_pg.C_160116	0	high_confidence_non_cazyme	FenlinCB54_1	Mucoromycotina	504	-	-	-	0.6072	A0A9Q8WAU1	69.3	0.7707	GT50	0.9271	433	GT0	0.9637
jgi-Gilper1-513697-estExt_Genewise1Plus.C_320083	0	gray_zone	Gilper1	Mucoromycotina	547	-	-	GH47	0.6455	A0A6M7ZQI8	71.8	0.8122	GT66	0.9501	433	GT0	0.9643
jgi-Lenzyc1-366754-CE366753_24520	21	gray_zone	Lenzyc1	Mucoromycotina	336	-	-	GH154	0.6237	A0A9Q9DWZ7	72.3	0.8196	GT35	0.9236	7389	GH0	0.9321
jgi-Licra1-10311-LRAMOSA05508-1	10	gray_zone	Licra1	Mucoromycotina	576	-	-	GH13	0.6048	QYO62262.1	66.8	0.7544	AA6	0.8886	BEV45461.1	GH0	0.9459
jgi-Muccir1_3-1312959-estExt_Genewise1.C_9_t20045	18	high_confidence_non_cazyme	Muccir1_3	Mucoromycotina	406	-	-	-	0.6301	A0A7R8GYY3	64.5	0.8659	CE9	0.9415	2560	GT0	0.9421
jgi-PnitS608_1-791051-estExt_Genewise1Plus.C_150417	14	gray_zone	PnitS608_1	Mucoromycotina	475	-	-	GT116	0.7050	A0A8S2AQA3	68.3	0.8899	GH13_30	0.9475	BEI71326.1	AA0	0.9491
jgi-Rhimi1_1-232679-gm1.390_g	30	gray_zone	Rhimi1_1	Mucoromycotina	457	-	-	GH16	0.6325	K8E5P3	56.8	0.9000	GT20	0.9562	CAD7274127.1	GT0	0.9566
jgi-Spoumb1-505873-fgenesh1_kg.19_#_304_#_TRINITY_DN7979_c5_g2_i1	10	gray_zone	Spoumb1	Mucoromycotina	547	-	-	GT1	0.6735	A0A9Q8WMR9	61.7	0.7099	AA6	0.8576	WYJ41788.1	GH0	0.9180
jgi-MorM21481_1-139189-CE139188_8165	-1	gray_zone	MorM21481_1	Pezizomycetes	562	-	-	GT1	0.6620	A0A7H8QSQ2	56.9	0.9081	GT62	0.9709	11420	AA0	0.9770
jgi-MorM21481_1-327854-fgenesh1_kg.4_#_736_#_TRINITY_DN165_c0_g1_i3	22	high_confidence_non_cazyme	MorM21481_1	Pezizomycetes	448	-	-	-	0.6301	WFD20538.1	67.9	0.7664	AA6	0.8731	QTF54836.1	GT0	0.9032
jgi-Morbrun1-484295-fgenesh1_kg.4_#_259_#_TRINITY_DN6858_c0_g3_i2	-1	gray_zone	Morbrun1	Pezizomycetes	451	-	-	GH15	0.6601	UOH82475.1	72.8	0.8864	GT3	0.9583	834827	GH0	0.9561
jgi-Mordim1-195913-CE195912_441846	27	gray_zone	Mordim1	Pezizomycetes	352	-	-	GT22	0.6599	QWU87001.1	74.2	0.7915	AA6	0.9329	12973	GT0	0.9538
jgi-Mordim1-656917-estExt_fgenesh1_pg.C_250050	4	gray_zone	Mordim1	Pezizomycetes	1037	-	-	GT22	0.7493	A0A2P1BVT5	54.1	0.7387	GT1	0.9382	3850	CE0	0.9613
jgi-Morexi1-578786-fgenesh1_kg.2_#_204_#_TRINITY_DN3756_c0_g3_i1	25	gray_zone	Morexi1	Pezizomycetes	1169	-	-	GH16_22	0.6938	QWU90274.1	54.6	0.8362	GT3	0.9276	QWW23957.1	GH0	0.9417
jgi-Morexim1-315203-CE315202_6550	22	gray_zone	Morexim1	Pezizomycetes	724	-	-	GH78	0.8672	A0A8H8SYW4	73.9	0.8282	GT66	0.9031	10413	GH0	0.9385
jgi-Morfluv1-735818-fgenesh1_kg.2_#_2922_#_TRINITY_DN297_c1_g1_i1	-1	gray_zone	Morfluv1	Pezizomycetes	1074	-	-	GT1	0.6955	A0A8D9MIV1	46.7	0.8746	GT35	0.9514	WZL71232.1	CBM0	0.9483
jgi-Morkaki1-900557-fgenesh1_kg.30_#_206_#_TRINITY_DN6059_c1_g2_i2	8	gray_zone	Morkaki1	Pezizomycetes	838	-	-	GT2	0.6456	WEJ95743.1	46.1	0.7955	GT3	0.9549	476	GT0	0.9476
jgi-Morpul1-473607-estExt_Genewise1Plus.C_1_t20138	13	gray_zone	Morpul1	Pezizomycetes	563	-	-	GH76	0.7338	A0A899GD97	69.6	0.9109	GT35	0.9725	339319	GH0	0.9652
jgi-Morsny1-573391-fgenesh1_pm.11_#_135	10	gray_zone	Morsny1	Pezizomycetes	673	-	-	GT1	0.6797	WEJ95752.1	57.1	0.7694	AA6	0.8758	BEV45461.1	GH0	0.9378
jgi-Morulm1-403735-fgenesh1_kg.3_#_1198_#_TRINITY_DN775_c1_g2_i3	-1	gray_zone	Morulm1	Pezizomycetes	1103	-	-	CE4	0.6314	P52647	48.4	0.8902	GT1	0.9642	UZJ54052.1	AA0	0.9626
jgi-Terbo2-820760-estExt_Genewise1Plus.C_70431	30	gray_zone	Terbo2	Pezizomycetes	2111	-	-	AA1_2	0.8361	A0A7H8RC90	55.5	0.8959	GH88	0.9563	WEW54593.1	AA0	0.9595
jgi-Tubbr1_1-943908-fgenesh1_kg.24_#_242_#_TRINITY_DN6478_c0_g1_i1	35	gray_zone	Tubbr1_1	Pezizomycetes	831	-	-	GT31	0.7472	A0A9Q8SDP9	74.8	0.8422	GT20	0.9515	EAA65303.1	GT0	0.9678
jgi-Corcom2-620938-fgenesh1_kg.45_#_325_#_TRINITY_DN22974_c0_g2_i2	13	gray_zone	Corcom2	Pucciniomycotina	1028	-	-	GT2	0.8093	A0A7R9BUJ4	60.4	0.8691	GT35	0.9732	483597	GH0	0.9750
jgi-Leucr1-328801-gm1.1289_g	0	gray_zone	Leucr1	Pucciniomycotina	621	-	-	GT35	0.6064	A0A385BR82	66.9	0.8148	GT50	0.9172	2748	CE0	0.9545
jgi-Pgt_201_B1-1588-rna-gnl-WGS:VSWC-PGT21_007981-T1_mrna	7	gray_zone	Pgt_201_B1	Pucciniomycotina	596	-	-	GT90	0.6010	A0A8H8M811	46.4	0.8279	GT31	0.9752	848377	GT0	0.9834
jgi-Pgt_201_B1-7844-rna-gnl-WGS:VSWC-PGT21_001816-T1_mrna	31	gray_zone	Pgt_201_B1	Pucciniomycotina	738	-	-	GH31_5	0.6116	QWU90274.1	44.8	0.8811	GT1	0.9604	2522	GH0	0.9541
jgi-Pucstr1-22178-evm.model.scaffold_508.3	14	gray_zone	Pucstr1	Pucciniomycotina	573	-	-	GH76	0.7755	A0A9Q9DQE4	76.3	0.8400	GT35	0.9420	WPP50591.1	GH0	0.9445
jgi-Rhoto_IFO0880_4-10951-fgenesh1_kg.14_#_600_#_TRINITY_DN3313_c3_g1_i5_mRNA	-1	gray_zone	Rhoto_IFO0880_4	Pucciniomycotina	1150	-	-	CBM43	0.6854	A0A4D6L7Y4	44.0	0.5131	GH36	0.9666	WFD33976.1	GH0	0.9634
jgi-Canca1-2970-gm1.2970_g	9	gray_zone	Canca1	Saccharomycotina	520	-	-	GH38	0.6360	A0A8H8P736	53.8	0.8094	GH38	0.9592	CCG22169.1	GH0	0.9717
jgi-Cybfa1-3505-transcript:ONH67430	10	gray_zone	Cybfa1	Saccharomycotina	570	-	-	GH13	0.6123	QYO62262.1	67.6	0.7670	AA6	0.9000	AZL15609.1	GH0	0.9410
jgi-IsorIO21_1-102523-fgenesh1_kg.7_#_185_#_TRINITY_DN49_c0_g2_i2	9	gray_zone	IsorIO21_1	Saccharomycotina	454	-	-	AA9	0.6042	A0A7S8D775	59.6	0.8603	GT62	0.9571	UPX16099.1	GT0	0.9587
jgi-Lacfe1-1676-transcript:SCW01007	3	gray_zone	Lacfe1	Saccharomycotina	901	-	-	GT2	0.8364	QWU86368.1	66.7	0.8710	GT20	0.9631	12023	GT0	0.9636
jgi-Lipsmi1-414942-fgenesh1_kg.4_#_702_#_TRINITY_DN521_c0_g2_i14	30	gray_zone	Lipsmi1	Saccharomycotina	1014	-	-	GT0	0.6764	A0A2U9BLR6	45.0	0.9116	GT20	0.9695	6608	GT0	0.9854
jgi-Lipsta1_1-435337-fgenesh1_pm.12_#_12	0	gray_zone	Lipsta1_1	Saccharomycotina	549	-	-	CE4	0.6092	A0A1S9DVV1	68.9	0.8102	GT57	0.9351	433	GT0	0.9656
jgi-Liptetr1-255260-CE255259_123138	10	gray_zone	Liptetr1	Saccharomycotina	448	-	-	GH47	0.6461	A0A9Q8WF83	84.0	0.7607	AA6	0.8444	WCP14199.1	GH0	0.8952
jgi-Nakwi1-2153-augustus_masked-flattened_line_16-processed-gene-0.72-mRNA-1	-1	gray_zone	Nakwi1	Saccharomycotina	582	-	-	GT39	0.6106	Q9PA24	55.1	0.8490	GT35	0.9281	WHY91308.1	GT0	0.9412
jgi-Satdi1-4747-augustus_masked-NODE_9_length_256851_cov_14.1922_ID_17-processed-gene-0.2-mRNA-1	22	gray_zone	Satdi1	Saccharomycotina	527	-	-	GH51_1	0.6805	A0A7H8QQE3	69.9	0.7535	AA6	0.8793	BDU61744.1	GH0	0.9116
jgi-Schque1-104159-fgenesh1_kg.5_#_207_#_TRINITY_DN389_c0_g3_i1	-1	gray_zone	Schque1	Saccharomycotina	467	-	-	GH20	0.6092	A0A160SXU2	56.9	0.8785	GT35	0.9498	7573	GT0	0.9504
jgi-Schseg1_1-105040-e_gw1.3.937.1	26	gray_zone	Schseg1_1	Saccharomycotina	509	-	-	GT30	0.7233	C6SGH7	77.1	0.8094	AA6	0.9458	QEC56925.1	GH0	0.9460
jgi-Schshe1-33660-CE27751_50231	33	gray_zone	Schshe1	Saccharomycotina	755	-	-	GH55_2	0.7519	A0A7H8QMI3	68.1	0.8576	GT35	0.9360	CAD7079221.1	GH0	0.9386
jgi-Spasuh1_1-114398-fgenesh1_kg.3_#_99_#_TRINITY_DN1988_c0_g1_i1	30	gray_zone	Spasuh1_1	Saccharomycotina	978	-	-	GH16_18	0.8843	A0A7H8R1M2	74.1	0.9176	GT20	0.9760	WMI64506.1	GH0	0.9735
jgi-Tetpha1-4788-TPHA0H01660-1	10	gray_zone	Tetpha1	Saccharomycotina	321	-	-	GH20	0.6668	A0A097JTP8	80.5	0.7878	AA6	0.8982	WXU08068.1	GH0	0.9562
jgi-YarliW29-162184-estExt_Genemark1.C_220075	-1	gray_zone	YarliW29	Saccharomycotina	660	-	-	GH78	0.6254	WCJ32372.1	61.1	0.8420	GT20	0.9611	QWW23957.1	GH0	0.9488
jgi-Achma1-19021-e_gw1.430.5.1	11	gray_zone	Achma1	Sordariomycetes	570	-	-	GH45_3	0.7187	A0A7W8AL38	65.6	0.9097	GH3	0.9729	10672	GH0	0.9646
jgi-Annbov1-395735-fgenesh1_kg.43_#_205_#_TRINITY_DN574_c0_g1_i1	25	gray_zone	Annbov1	Sordariomycetes	954	-	-	AA3_3	0.6127	A0A7R9BFN1	61.1	0.7302	GT62	0.9350	9807	GT0	0.9628
jgi-Annmin1-288528-CE288527_4189	0	gray_zone	Annmin1	Sordariomycetes	636	-	-	GH3	0.6416	A0A7S8CZV9	71.0	0.8088	GT2	0.9456	QKD61617.1	CE0	0.9759
jgi-Apope1-580708-estExt_fgenesh1_pm.C_2_t10463	11	gray_zone	Apope1	Sordariomycetes	439	-	-	CBM1	0.6579	A0A1V0DDN5	68.2	0.8671	CBM20	0.9626	295946	CE0	0.9661
jgi-Artesp1-421748-fgenesh1_pm.4_#_290	0	gray_zone	Artesp1	Sordariomycetes	583	-	-	GH31_4	0.6540	A0A7H8QT70	67.3	0.8428	GT58	0.9447	433	GT0	0.9633
jgi-Asoarc1-242446-estExt_Genewise1Plus.C_800010	11	gray_zone	Asoarc1	Sordariomycetes	618	-	-	CBM18	0.6995	W9JCX7	66.6	0.6844	CBM10	0.9289	10713	GH0	0.9356
jgi-Biscog1-564012-fgenesh1_kg.40_#_30_#_TRINITY_DN6631_c0_g1_i4	-1	gray_zone	Biscog1	Sordariomycetes	478	-	-	GH20	0.6075	A0A160SXU2	59.1	0.8437	GT66	0.9383	3235	GH0	0.9396
jgi-Ceraff1-212913-CE212912_1251	4	gray_zone	Ceraff1	Sordariomycetes	1318	-	-	GH20	0.6543	A0A7D5ZAS3	49.8	0.7988	GT1	0.9486	3314	GH0	0.9529
jgi-Cercau1-537545-fgenesh1_pm.4_#_673	3	gray_zone	Cercau1	Sordariomycetes	696	-	-	GH32	0.7295	A0A8S1ZRI4	67.8	0.8430	GT39	0.9773	204037	GT0	0.9763
jgi-Cercau1-593524-MIX21309_172_53	30	gray_zone	Cercau1	Sordariomycetes	452	-	-	GH18	0.7159	A0A7S8DN07	77.7	0.9143	CE9	0.9585	6608	GT0	0.9504
jgi-Cersam1-318613-fgenesh1_kg.36_#_37_#_TRINITY_DN10937_c0_g1_i1	25	gray_zone	Cersam1	Sordariomycetes	630	-	-	GT2	0.6886	QWU87570.1	64.0	0.8764	GT66	0.9379	7049	AA0	0.9433
jgi-Cersc1-459516-MIX7642_1551_96	12	gray_zone	Cersc1	Sordariomycetes	349	-	-	CBM48	0.6016	K8EML4	59.8	0.8725	CE9	0.9265	7007	GH0	0.9276
jgi-Chafun1-38716-fgenesh1_pm.51_#_32	11	gray_zone	Chafun1	Sordariomycetes	1019	-	-	AA5_1	0.6083	A0A8H8T2A6	80.2	0.6041	GT25	0.9869	UTT89783.1	GT0	0.9861
jgi-Chagl1-348414-CE348413_1191	11	gray_zone	Chagl1	Sordariomycetes	715	-	-	GH43_17	0.6967	UPS43537.1	55.1	0.8567	GH92	0.9657	SMR46287.1	GH0	0.9692
jgi-CodFL1790_1-690358-fgenesh1_kg.12_#_1357_#_TRINITY_DN7516_c0_g6_i1	-1	gray_zone	CodFL1790_1	Sordariomycetes	1080	-	-	GT1	0.6927	A0A8D9MIV1	51.1	0.8494	GT35	0.9554	CAB3263900.1	GH0	0.9492
jgi-Colac2-565389-e_gw1.4.332.1	30	gray_zone	Colac2	Sordariomycetes	547	-	-	CE5	0.7273	A0A9Q8ZHF5	66.3	0.9110	CE9	0.9649	6001	GH0	0.9702
jgi-Colac2-699895-estExt_Genewise1Plus.C_490128	3	gray_zone	Colac2	Sordariomycetes	1342	-	-	GH3	0.6605	A0A8S2ADH0	61.0	0.8167	GT1	0.9404	QRW08158.1	CE0	0.9541
jgi-Colac2-728062-estExt_fgenesh1_pg.C_170085	0	gray_zone	Colac2	Sordariomycetes	522	-	-	GT31	0.6209	A0A7H8QK02	70.7	0.7836	GT58	0.9474	433	GT0	0.9811
jgi-Colce1-578215-e_gw1.11.169.1	2	gray_zone	Colce1	Sordariomycetes	347	-	-	CE16	0.6526	A0A9Q9RM93	77.8	0.8532	GH13_40	0.9511	8196	GH0	0.9629
jgi-Colce1-757900-estExt_fgenesh1_pm.C_550020	11	gray_zone	Colce1	Sordariomycetes	752	-	-	GH72	0.6622	A0A9Q8WP62	41.5	0.8633	GH115	0.9757	355528	GH0	0.9794
jgi-Colch1-92-mrna_96	-1	gray_zone	Colch1	Sordariomycetes	559	-	-	GH128	0.7377	A0A899FR51	72.5	0.8218	AA6	0.9423	7049	AA0	0.9468
jgi-Collu1-239763-CE239762_1594	28	gray_zone	Collu1	Sordariomycetes	513	-	-	GH28	0.7162	A0A9Q8WF34	64.9	0.9048	GH13_30	0.9046	10413	GH0	0.9395
jgi-Collu1-88921-CE88920_375	2	gray_zone	Collu1	Sordariomycetes	353	-	-	CE16	0.6539	A0A9Q9RM93	80.5	0.8496	GT3	0.9491	8196	GH0	0.9557
jgi-ColoR110_1-88994-estExt_Genewise1Plus.C_50017	16	gray_zone	ColoR110_1	Sordariomycetes	395	-	-	GT71	0.6834	WEJ95735.1	77.2	0.8155	AA6	0.9341	12973	GT0	0.9461
jgi-Colorb1-142710-mrna_9230	3	gray_zone	Colorb1	Sordariomycetes	1464	-	-	GH92	0.6329	A0A8H8T062	50.1	0.8369	GT22	0.9634	QRW08158.1	CE0	0.9652
jgi-Colpa1-1339-mrna_1339	30	gray_zone	Colpa1	Sordariomycetes	721	-	-	GH12	0.6570	UGV25854.1	51.3	0.9176	GT4	0.9737	UPK96886.1	AA0	0.9761
jgi-Colph1-307388-e_gw1.1.1416.1	17	gray_zone	Colph1	Sordariomycetes	588	-	-	GH84	0.7033	K8EL64	66.4	0.8935	CE9	0.9622	6608	GT0	0.9707
jgi-Colsa1-943600-mrna_6356	27	gray_zone	Colsa1	Sordariomycetes	353	-	-	GT0	0.6025	ARA85284.1	61.2	0.8587	GH13_40	0.9499	12973	GT0	0.9931
jgi-Colsu1-583069-e_gw1.208.14.1	33	gray_zone	Colsu1	Sordariomycetes	628	-	-	GT22	0.8054	A0A2H1GTP3	70.1	0.8553	GT35	0.9648	7573	GT0	0.9618
jgi-Colto1-7491-CT0861_00527T0	0	gray_zone	Colto1	Sordariomycetes	524	-	-	CE1	0.6246	A0A9Q8T2G0	69.1	0.8124	GT57	0.9496	QKD61617.1	CE0	0.9780
jgi-Conioc1-1178890-fgenesh1_pm.37_#_4	30	gray_zone	Conioc1	Sordariomycetes	918	-	-	GH105	0.7578	A0A9Q8T7M0	53.9	0.9249	GT20	0.9698	WEW54593.1	AA0	0.9717
jgi-Conioc1-780380-CE780379_3423	-1	gray_zone	Conioc1	Sordariomycetes	318	-	-	GT41	0.6116	UKZ83676.1	66.5	0.8985	CE9	0.9188	3235	GH0	0.9452
jgi-CopCBS38678_1-175868-CE175867_4083	0	gray_zone	CopCBS38678_1	Sordariomycetes	632	-	-	PL7_4	0.6373	A0A7H8QT70	74.4	0.8387	GT50	0.9363	3523	GH0	0.9508
jgi-Corin1-41308-gm1.10382_g	5	gray_zone	Corin1	Sordariomycetes	2112	-	-	GH135	0.7358	A0A6L9JRK9	39.8	0.8927	GT1	0.9670	3850	CE0	0.9702
jgi-Corsim1-20565-gw1.17.454.1	4	gray_zone	Corsim1	Sordariomycetes	432	-	-	GH3	0.6539	A0A9Q9DR53	74.8	0.7692	GT33	0.8587	AMM42895.1	CBM0	0.9184
jgi-Corsim1-47563-e_gw1.42.57.1	-1	gray_zone	Corsim1	Sordariomycetes	386	-	-	AA2	0.6117	A0A7R9A3Q4	70.8	0.8079	GT66	0.8782	8638	GT0	0.9304
jgi-CtCBS203_1-554780-CE554779_2715	-1	gray_zone	CtCBS203_1	Sordariomycetes	613	-	-	GH12	0.6108	A0A4Y1RBJ1	53.0	0.8916	GT21	0.9597	3324	GH0	0.9642
jgi-Dacma1-804907-fgenesh1_kg.15_#_960_#_TRINITY_DN3266_c0_g1_i1	26	gray_zone	Dacma1	Sordariomycetes	576	-	-	AA9	0.6169	A0A8H8P5D7	55.8	0.8323	AA6	0.9607	2560	GT0	0.9504
jgi-Dales1-188279-CE188278_96	1	high_confidence_non_cazyme	Dales1	Sordariomycetes	349	-	-	-	0.6230	A0A7H8R2B1	61.1	0.8953	AA3_3	0.9452	5726	GT0	0.9633
jgi-Dales1-410546-gm1.5464_g	5	gray_zone	Dales1	Sordariomycetes	1092	-	-	CBM1+GH45_2	0.7538	A0A6L9JRK9	40.4	0.8757	GT1	0.9630	3850	CE0	0.9688
jgi-Diadis1-745553-fgenesh1_kg.5_#_1079_#_Locus3738v1rpkm32.50	3	gray_zone	Diadis1	Sordariomycetes	1508	-	-	GH0	0.6510	A0A8H8T062	50.5	0.8604	GT50	0.9298	10413	GH0	0.9930
jgi-Diahe1-6995-transcript:POS68786	-1	gray_zone	Diahe1	Sordariomycetes	486	-	-	CE16	0.7389	A0A8H8P5D7	75.3	0.8664	CE9	0.9448	2560	GT0	0.9604
jgi-Dreco1-3103-transcript:KYK61956	0	gray_zone	Dreco1	Sordariomycetes	567	-	-	GT15	0.6706	A0A6M7ZQI8	75.2	0.8062	GT66	0.9240	2748	CE0	0.9851
jgi-Durrog2-317955-CE317954_1616	-1	gray_zone	Durrog2	Sordariomycetes	329	-	-	GH43_26	0.6142	A0A9Q9DSF7	61.3	0.8723	CE9	0.9519	10726	GH0	0.9645
jgi-Fobas23_1-513303-fgenesh1_kg.7_#_2618_#_TRINITY_DN1332_c0_g1_i9	29	gray_zone	Fobas23_1	Sordariomycetes	901	-	-	GT31	0.6201	A0A9Q8ZK32	57.2	0.7909	GT1	0.9600	3314	GH0	0.9708
jgi-Fobas72_1-370052-CE370051_445	0	gray_zone	Fobas72_1	Sordariomycetes	532	-	-	GT20	0.6027	A0A9Q8WAU1	64.8	0.7946	GT58	0.9332	433	GT0	0.9776
jgi-Fobas72_1-492491-fgenesh1_kg.3_#_3902_#_TRINITY_DN1484_c0_g3_i2	25	high_confidence_non_cazyme	Fobas72_1	Sordariomycetes	1018	-	-	-	0.6423	A0A9P9K3K3	54.6	0.8186	GT62	0.9196	6685	GT0	0.9555
jgi-FopisF105_1-326236-fgenesh1_kg.103_#_32_#_TRINITY_DN5573_c0_g1_i3	11	gray_zone	FopisF105_1	Sordariomycetes	602	-	-	CBM20+GH15	0.7346	Q5AS26	67.8	0.8773	GH125	0.9747	CAB3264953.1	GT0	0.9676
jgi-FopisF105_1-334902-gm1.2283_g	4	gray_zone	FopisF105_1	Sordariomycetes	1115	-	-	GH78	0.6200	A0A7D5ZAS3	51.4	0.7435	GT1	0.9604	4117	GH0	0.9705
jgi-FopisF109_1-130458-CE130457_278	3	gray_zone	FopisF109_1	Sordariomycetes	1272	-	-	GT15	0.6612	A0A8S2ADH0	65.8	0.8034	GT50	0.9229	10413	GH0	0.9584
jgi-FopisF23_1-274581-fgenesh1_kg.3_#_853_#_TRINITY_DN23199_c0_g1_i1	27	gray_zone	FopisF23_1	Sordariomycetes	521	-	-	GH28	0.6830	A0A8H8P5D7	66.1	0.8438	AA6	0.9563	2560	GT0	0.9692
jgi-FopisF79_1-676966-MIX19487_15_63	1	gray_zone	FopisF79_1	Sordariomycetes	545	-	-	GH29	0.6477	A0A6M7YE70	58.8	0.8873	GT1	0.9611	175032	CE0	0.9685
jgi-FoxF201_1-766561-gm1.6451_g	30	gray_zone	FoxF201_1	Sordariomycetes	538	-	-	AA1	0.7058	A0A3M6VH01	71.5	0.9071	GT20	0.9823	2522	GH0	0.9755
jgi-FoxF202_1-670861-estExt_Genewise1Plus.C_1_t90428	1	gray_zone	FoxF202_1	Sordariomycetes	508	-	-	CBM13	0.7221	BEJ11425.1	72.4	0.8659	GT33	0.9402	10413	GH0	0.9540
jgi-FoxF204_1-343871-fgenesh1_pg.7_#_869	0	gray_zone	FoxF204_1	Sordariomycetes	576	-	-	GH47	0.6319	A0A6M7ZQI8	69.6	0.8103	GT66	0.9469	2748	CE0	0.9686
jgi-FoxF206_1-600260-estExt_Genewise1Plus.C_9_t40495	0	gray_zone	FoxF206_1	Sordariomycetes	554	-	-	GT31	0.6178	A0A6M7ZQI8	66.6	0.8080	GT57	0.9422	QKD61617.1	CE0	0.9761
jgi-FoxF207_1-572776-e_gw1.6.1985.1	25	gray_zone	FoxF207_1	Sordariomycetes	615	-	-	GT1	0.6130	WFD02255.1	52.5	0.8500	GT3	0.9375	1084	CE0	0.9418
jgi-FoxF207_1-743305-gm1.8574_g	5	gray_zone	FoxF207_1	Sordariomycetes	497	-	-	CBM42+GH54	0.6006	A0A6M7YE70	59.0	0.8508	GT0	0.9647	13288	GH0	0.9748
jgi-Fusavent1-822892-fgenesh1_pm.3_#_36	27	gray_zone	Fusavent1	Sordariomycetes	572	-	-	GH79	0.6917	A0A8H8P5D7	66.3	0.8732	CE9	0.9534	2560	GT0	0.9614
jgi-Fuscon1-526583-fgenesh1_pm.5_#_474	23	gray_zone	Fuscon1	Sordariomycetes	684	-	-	GH27	0.6181	UZJ55557.1	61.1	0.9209	CE9	0.9714	11420	AA0	0.9762
jgi-Fusdim1-371767-MIX1036_17_24	30	gray_zone	Fusdim1	Sordariomycetes	2512	-	-	CE16	0.8068	A0A7H8RC90	54.8	0.8956	GT1	0.9749	10600	AA0	0.9785
jgi-Fusnyg1-466387-fgenesh1_kg.9_#_201_#_TRINITY_DN1439_c0_g1_i2	4	gray_zone	Fusnyg1	Sordariomycetes	1191	-	-	AA9	0.7072	A0A7D5ZAS3	57.0	0.7381	GT1	0.9377	3850	CE0	0.9542
jgi-Fusox32931-16858-rna-gnl-WGS:AFML-mrna_FOYG_08870T2	3	gray_zone	Fusox32931	Sordariomycetes	1259	-	-	GH105	0.7954	A0A3P6D3E5	59.0	0.8325	GT66	0.9467	2748	CE0	0.9610
jgi-Fusox32931-3655-rna-gnl-WGS:AFML-mrna_FOYG_14902T0	30	gray_zone	Fusox32931	Sordariomycetes	3938	-	-	GH29	0.8087	A0A7H8RC90	54.9	0.8928	GT20	0.9752	15301	AA0	0.9846
jgi-Fusox32931-6559-rna-gnl-WGS:AFML-mrna_FOYG_02362T0	30	gray_zone	Fusox32931	Sordariomycetes	409	-	-	GH16_22	0.6144	A0A974WK59	54.6	0.9026	CE9	0.9714	6001	GH0	0.9644
jgi-FusoxT415-469978-estExt_Genewise1Plus.C_7_t10276	-1	gray_zone	FusoxT415	Sordariomycetes	327	-	-	GH51_1	0.6098	A0A9Q8SM29	62.5	0.8875	GH13_40	0.9618	12973	GT0	0.9626
jgi-FusoxT415-615261-MIX7320_4_14	3	gray_zone	FusoxT415	Sordariomycetes	1432	-	-	GH105	0.7696	A0A3P6D3E5	55.8	0.8427	GT33	0.9623	QRW08158.1	CE0	0.9743
jgi-Fusoxalb1-888651-MIX13673_2_16	0	gray_zone	Fusoxalb1	Sordariomycetes	520	-	-	GH5_12	0.6133	A0A7H8R1M0	65.0	0.8215	GT57	0.9576	QKD61617.1	CE0	0.9763
jgi-Fusoxcub1-2082-rna-gnl-WGS:AGND-mrna_FOIG_01273T0	-1	gray_zone	Fusoxcub1	Sordariomycetes	720	-	-	GT34	0.7672	A0A8S2AZU5	62.1	0.8559	GT35	0.9506	XCB33414.1	GH0	0.9524
jgi-Fusoxlyc1-2543-rna-gnl-WGS:AGBH-mrna_FOWG_09992T0	20	gray_zone	Fusoxlyc1	Sordariomycetes	367	-	-	GH16_4	0.6632	A0A9Q8ZFP4	67.3	0.8816	GH13_23	0.9650	UWP20358.1	GT0	0.9639
jgi-Fusoxrad1-13620-rna-gnl-WGS:AGNB-mrna_FOCG_03857T0	17	gray_zone	Fusoxrad1	Sordariomycetes	410	-	-	CE4	0.6227	A8WQ62	57.3	0.9045	GH13_30	0.9570	USP80136.1	AA0	0.9660
jgi-Fusoxrad1-24064-rna-gnl-WGS:AGNB-mrna_FOCG_10730T0	-1	gray_zone	Fusoxrad1	Sordariomycetes	494	-	-	GT1	0.6483	A0A2V1AHX1	57.2	0.8985	GT3	0.9518	36901	GH0	0.9630
jgi-Fusoxrap1-21599-rna-gnl-WGS:AGNG-mrna_FOQG_19002T0	-1	gray_zone	Fusoxrap1	Sordariomycetes	565	-	-	GH28	0.6961	A0A2V1ABX0	63.3	0.8437	AA3_3	0.9763	3311	CE0	0.9747
jgi-Fusoxy1-520564-estExt_Genewise1Plus.C_13_t10094	8	gray_zone	Fusoxy1	Sordariomycetes	1271	-	-	GT7	0.7876	A0A075G076	53.0	0.7892	GT3	0.9691	10302	GT0	0.9592
jgi-Fusoxys1-651035-e_gw1.1.3124.1	-1	gray_zone	Fusoxys1	Sordariomycetes	533	-	-	GH31_1	0.6463	A0A4P2QIK3	57.1	0.8349	GT35	0.9486	12973	GT0	0.9523
jgi-Fuspoa1-23785-CE23784_25261	21	gray_zone	Fuspoa1	Sordariomycetes	355	-	-	GH3	0.6166	A0A4D6NUZ0	69.3	0.7944	GT35	0.9519	QWW23957.1	GH0	0.9384
jgi-Fuspr1-7436-transcript:CVL09730	-1	gray_zone	Fuspr1	Sordariomycetes	563	-	-	AA3_2	0.6471	A0A0A1MFJ7	59.9	0.9060	GT66	0.9421	548202	GT0	0.9490
jgi-Fusprol1-215152-fgenesh1_kg.7_#_534_#_TRINITY_DN22816_c0_g1_i1	6	gray_zone	Fusprol1	Sordariomycetes	400	-	-	GT22	0.6403	A0A2P7YX82	65.0	0.9050	GT5	0.9797	212576	GH0	0.9860
jgi-Fuspse1-491222-gm4.10209_g	18	gray_zone	Fuspse1	Sordariomycetes	483	-	-	GH64	0.6886	A0A8H8P5D7	68.8	0.8382	AA6	0.9448	2560	GT0	0.9925
jgi-Fusso1-411207-e_gw1.44.2.1	6	high_confidence_non_cazyme	Fusso1	Sordariomycetes	344	-	-	-	0.6058	A0A2P7YX82	62.1	0.8927	GT5	0.9772	CBZ50394.1	GH0	0.9825
jgi-Fusva1-560058-gm1.13763_g	3	gray_zone	Fusva1	Sordariomycetes	1685	-	-	GH2	0.7000	A0A8H8T062	55.8	0.8734	GT22	0.9686	QRW08158.1	CE0	0.9683
jgi-Fusvan1-433191-estExt_Genewise1.C_10_t50243	-1	gray_zone	Fusvan1	Sordariomycetes	579	-	-	GT57	0.7443	WEJ94736.1	63.5	0.8950	CE9	0.9686	10600	AA0	0.9740
jgi-FvanT219_1-339633-gm1.7591_g	31	gray_zone	FvanT219_1	Sordariomycetes	1118	-	-	GH79	0.6100	A0A8H8NR81	55.9	0.7278	GT62	0.9302	4817	GH0	0.9632
jgi-FvanT299_1-314639-estExt_Genewise1Plus.C_2_t30353	4	gray_zone	FvanT299_1	Sordariomycetes	1508	-	-	GH32	0.7373	A0A8H8SZN1	47.5	0.8234	GT1	0.9527	3850	CE0	0.9679
jgi-FvanT299_1-381554-fgenesh1_kg.28_#_359_#_TRINITY_DN120_c0_g1_i2	3	gray_zone	FvanT299_1	Sordariomycetes	1107	-	-	AA1	0.7138	A0A4P7C2S8	60.8	0.8814	CE9	0.9386	10413	GH0	0.9524
jgi-FvanT31_1-337440-fgenesh1_pm.25_#_23	0	gray_zone	FvanT31_1	Sordariomycetes	539	-	-	GH13_5	0.6212	A0A9Q8WAU1	69.6	0.7936	GT66	0.9201	433	GT0	0.9679
jgi-FvanT31_1-365940-gm1.8047_g	10	gray_zone	FvanT31_1	Sordariomycetes	736	-	-	GH13	0.6139	QYO62262.1	67.1	0.7873	AA6	0.9193	WRD76741.1	GH0	0.9385
jgi-FvanT343_1-351585-fgenesh1_kg.25_#_236_#_TRINITY_DN24941_c0_g1_i1	25	gray_zone	FvanT343_1	Sordariomycetes	1007	-	-	GT1	0.8239	A0A8F2W220	65.1	0.8210	GT35	0.9313	QWW23957.1	GH0	0.9410
jgi-FvanT77_1-418103-MIX22831_24_49	4	gray_zone	FvanT77_1	Sordariomycetes	1523	-	-	GH3	0.7681	A0A9Q9DR53	55.2	0.8436	GT1	0.9491	3850	CE0	0.9641
jgi-Gelamo1-354699-fgenesh1_kg.309_#_15_#_TRINITY_DN4152_c0_g1_i1	12	gray_zone	Gelamo1	Sordariomycetes	618	-	-	CBM18+CBM50	0.6262	A0A077R2I8	53.1	0.8537	GT66	0.9558	600910	GT0	0.9691
jgi-Gelte1-113017-CE113016_13398	3	gray_zone	Gelte1	Sordariomycetes	707	-	-	GT22	0.6908	A0A132AN97	62.8	0.8836	GT2	0.9702	476	GT0	0.9698
jgi-Gnocas1-422835-fgenesh1_pm.2_#_144	29	high_confidence_non_cazyme	Gnocas1	Sordariomycetes	723	-	-	-	0.6379	A0A6M7ZFE8	54.2	0.8640	GT1	0.9655	3314	GH0	0.9807
jgi-Humgr1-7589-Humgr2_004429-RA	3	gray_zone	Humgr1	Sordariomycetes	1243	-	-	AA9+CBM1	0.8218	A0A9Q8T8N0	60.1	0.8544	GT66	0.9367	10302	GT0	0.9557
jgi-HyFL0890_1-268294-fgenesh1_kg.15_#_387_#_TRINITY_DN2428_c0_g1_i1	-1	gray_zone	HyFL0890_1	Sordariomycetes	640	-	-	GH75	0.6423	A0A8S2ARC9	57.0	0.8817	GT1	0.9680	2522	GH0	0.9635
jgi-HypCI4A_1-13421-gm1.6848_g	0	gray_zone	HypCI4A_1	Sordariomycetes	561	-	-	GT0	0.6736	A0A6M7ZQI8	77.6	0.8025	GT66	0.9487	2748	CE0	0.9984
jgi-HypEC38_3-327054-e_gw1.8.123.1	0	gray_zone	HypEC38_3	Sordariomycetes	519	-	-	GH131	0.6347	A0A9Q8WAU1	71.1	0.7917	GT58	0.9384	433	GT0	0.9753
jgi-Hypcer1-427497-fgenesh1_kg.22_#_353_#_TRINITY_DN6136_c0_g1_i7	31	gray_zone	Hypcer1	Sordariomycetes	1053	-	-	GH115	0.6007	A0A6V7QNZ3	68.3	0.7118	CBM48	0.9513	11673	GH0	0.9713
jgi-Hypfra2-278706-CE278705_50611	24	gray_zone	Hypfra2	Sordariomycetes	833	-	-	GH47	0.7903	A0A9P9K3K3	79.8	0.8245	GT66	0.9504	3235	GH0	0.9408
jgi-Hypfus1-495524-fgenesh1_pm.29_#_20	3	gray_zone	Hypfus1	Sordariomycetes	1052	-	-	GH43_26	0.7955	QWU86368.1	60.5	0.8765	GT2	0.9740	QKX64636.1	GT0	0.9758
jgi-Hypros1-323-FUN_000333-T1	25	high_confidence_non_cazyme	Hypros1	Sordariomycetes	409	-	-	-	0.6036	A0A4Y7MVQ7	62.2	0.8071	GT62	0.9188	QWW23957.1	GH0	0.9349
jgi-Hypsub2-584546-fgenesh1_pm.35_#_15	6	gray_zone	Hypsub2	Sordariomycetes	820	-	-	AA2	0.6125	A0A7U2QQZ0	58.9	0.7762	GT41	0.9721	1016952	CE0	0.9634
jgi-Idrluna1-839802-fgenesh1_kg.6_#_2269_#_TRINITY_DN2009_c0_g1_i1	16	gray_zone	Idrluna1	Sordariomycetes	346	-	-	GH18	0.6368	A0A815QM16	74.4	0.7844	GT35	0.9240	CAB3263900.1	GH0	0.9509
jgi-Idrluna1-919307-estExt_Genemark4.C_17_t10356	0	gray_zone	Idrluna1	Sordariomycetes	516	-	-	GT31	0.6124	A0A7H8QK02	69.7	0.7812	GT66	0.9383	433	GT0	0.9803
jgi-Ilyeu1-477476-e_gw1.4.528.1	0	gray_zone	Ilyeu1	Sordariomycetes	546	-	-	GH105	0.6191	A0A7G5JCU4	67.8	0.7975	GT57	0.9356	QKD61617.1	CE0	0.9698
jgi-Kredeu1-489396-fgenesh1_pm.21_#_63	30	gray_zone	Kredeu1	Sordariomycetes	533	-	-	GT2	0.6455	A0A125V937	55.3	0.9257	GT4	0.9738	6001	GH0	0.9722
jgi-Krezon1-316608-fgenesh1_kg.8_#_1620_#_TRINITY_DN2375_c0_g1_i2	0	gray_zone	Krezon1	Sordariomycetes	546	-	-	GT31	0.6277	A0A7H8QK02	67.4	0.8041	GT58	0.9548	QKD61617.1	CE0	0.9752
jgi-Linth1-590794-fgenesh1_pm.36_#_34	31	gray_zone	Linth1	Sordariomycetes	736	-	-	GT2	0.6955	A0A899G6P5	64.5	0.8132	GT2	0.9454	114517	GT0	0.9493
jgi-Ncrass2-1552688-gm1.7008_g	3	gray_zone	Ncrass2	Sordariomycetes	921	-	-	GH43_26	0.8489	QWU86368.1	68.0	0.8755	GT2	0.9671	QKD61617.1	CE0	0.9647
jgi-NeFL0916_1-204213-CE204212_1361	-1	gray_zone	NeFL0916_1	Sordariomycetes	1633	-	-	GH2	0.6331	A0A8H8T062	53.6	0.7976	GT41	0.9402	BDA49295.1	GT0	0.9638
jgi-NeFL0916_1-553050-fgenesh1_kg.52_#_74_#_TRINITY_DN2188_c0_g1_i2	-1	gray_zone	NeFL0916_1	Sordariomycetes	433	-	-	CBM50	0.7222	A0A160T068	73.0	0.8537	CE9	0.9551	7007	GH0	0.9595
jgi-Necsp1-474179-gm1.2274_g	30	gray_zone	Necsp1	Sordariomycetes	462	-	-	GT15	0.6397	G0WE70	54.2	0.9010	GT4	0.9727	12022	GT0	0.9712
jgi-Nemabo1-232563-fgenesh1_kg.13_#_47_#_TRINITY_DN9768_c0_g1_i1	15	gray_zone	Nemabo1	Sordariomycetes	617	-	-	GT1	0.6905	WEJ95752.1	57.7	0.7776	GT35	0.9271	CAD7254438.1	GH0	0.9294
jgi-Neobo1-709547-MIX7603_52_20	0	gray_zone	Neobo1	Sordariomycetes	543	-	-	GH12	0.6845	A0A6M7ZQI8	79.6	0.7921	GT66	0.9543	2748	CE0	0.9792
jgi-Neobo1-718564-MIX16620_4_24	0	gray_zone	Neobo1	Sordariomycetes	538	-	-	GH31_4	0.6437	A0A7S8CZV9	73.7	0.7616	GT58	0.9252	433	GT0	0.9694
jgi-Neora1-693321-fgenesh1_pg.40_#_46	18	gray_zone	Neora1	Sordariomycetes	502	-	-	CBM18+GH18	0.7055	A0A8H8P5D7	71.2	0.8361	GH13_23	0.9226	2560	GT0	0.9673
jgi-NsCB679_1-608783-fgenesh1_kg.15_#_42_#_TRINITY_DN3940_c0_g2_i1	0	gray_zone	NsCB679_1	Sordariomycetes	534	-	-	GH89	0.6181	A0A6M7ZRF1	72.1	0.7848	GT66	0.9542	2748	CE0	0.9724
jgi-NsCB679_1-631487-fgenesh1_kg.72_#_135_#_TRINITY_DN4385_c0_g3_i1	0	gray_zone	NsCB679_1	Sordariomycetes	571	-	-	GH13_5	0.6203	A0A9Q8WAU1	64.0	0.8354	GT58	0.9469	433	GT0	0.9785
jgi-Parmar1-535385-fgenesh1_pg.10_#_92	3	gray_zone	Parmar1	Sordariomycetes	1295	-	-	AA9+CBM1	0.8490	A0A9Q8T8N0	62.9	0.8847	GT1	0.9767	746670	GT0	0.9761
jgi-Pilidi1-497888-MIX10304_69134_38	-1	gray_zone	Pilidi1	Sordariomycetes	668	-	-	GT34	0.7714	A0A8S2AZU5	63.0	0.8394	GH13_23	0.9345	BEI71326.1	AA0	0.9618
jgi-Plecto1-578160-e_gw1.4.1319.1	30	gray_zone	Plecto1	Sordariomycetes	2218	-	-	GH75	0.6764	A0A7H8RC90	57.5	0.8017	GT20	0.9758	10600	AA0	0.9812
jgi-Podaus1-487862-fgenesh1_kg.11_#_383_#_TRINITY_DN4581_c0_g1_i2	2	gray_zone	Podaus1	Sordariomycetes	357	-	-	CE16	0.6346	A0A9Q9RM93	74.6	0.8489	GH13_30	0.9461	QWW23957.1	GH0	0.9547
jgi-Podcom1-441122-estExt_Genemark4.C_470083	2	gray_zone	Podcom1	Sordariomycetes	369	-	-	GT71	0.6426	A0A9Q9RM93	75.9	0.8582	GH3	0.9465	UPX16359.1	AA0	0.9591
jgi-Podjug1-140832-CE140831_32508	6	gray_zone	Podjug1	Sordariomycetes	663	-	-	GH55_2	0.6018	A0A9Q9RQL5	55.3	0.8436	GT41	0.9703	11493	GH0	0.9894
jgi-Stael1-413180-fgenesh1_pg.15_#_130	-1	gray_zone	Stael1	Sordariomycetes	891	-	-	GH43_29	0.7129	A0A7U2MZ50	49.5	0.8255	PL27	0.9766	WPJ97349.1	PL0	0.9812
jgi-Stael1-470135-estExt_fgenesh1_pm.C_110069	1	high_confidence_non_cazyme	Stael1	Sordariomycetes	540	-	-	-	0.6469	A0A7H8QMU0	59.2	0.8634	GT33	0.9501	15566	AA0	0.9590
jgi-Stalo1-37343-gm4.8314_g	11	gray_zone	Stalo1	Sordariomycetes	1526	-	-	GT39	0.6232	A0A8H8NQI3	51.7	0.6517	PL26	0.9686	604	GH0	0.9592
jgi-ThoPMI491_1-631964-e_gw1.1.434.1	23	gray_zone	ThoPMI491_1	Sordariomycetes	517	-	-	GH3	0.6261	Q2UDW4	55.6	0.8935	GH31_3	0.9674	WPJ97346.1	CBM0	0.9711
jgi-TriTUC5505_1-354225-fgenesh1_kg.5_#_661_#_TRINITY_DN4092_c0_g1_i2	0	gray_zone	TriTUC5505_1	Sordariomycetes	572	-	-	GH38	0.6119	A0A1S9DVV1	71.0	0.8003	GT58	0.9305	433	GT0	0.9752
jgi-TriTUC5505_1-355120-fgenesh1_kg.5_#_1556_#_TRINITY_DN3711_c0_g1_i1	8	gray_zone	TriTUC5505_1	Sordariomycetes	1757	-	-	GH67	0.6391	K8ELT8	44.0	0.7957	GT3	0.9709	472931	GH0	0.9706
jgi-Trialn1-226664-CE226663_25854	20	gray_zone	Trialn1	Sordariomycetes	702	-	-	AA3_2	0.7248	A0A8S2AZU5	55.7	0.8868	CE9	0.9683	297739	AA0	0.9682
jgi-Triam1-301649-CE301648_20813	3	gray_zone	Triam1	Sordariomycetes	1346	-	-	GH36	0.8025	WIA18545.1	51.7	0.8472	GT66	0.9631	137288	GT0	0.9681
jgi-Triam1-408525-fgenesh1_kg.5_#_1821_#_TRINITY_DN5634_c1_g1_i1	25	gray_zone	Triam1	Sordariomycetes	403	-	-	GH55_1	0.6026	A0A8D9MJ76	55.7	0.8764	GT66	0.9130	9807	GT0	0.9499
jgi-Triaspe1-382653-fgenesh1_kg.2_#_206_#_TRINITY_DN5904_c4_g3_i2	11	gray_zone	Triaspe1	Sordariomycetes	628	-	-	CBM18	0.6610	WFD34155.1	51.3	0.8378	GH51_2	0.9775	692280	CE0	0.9738
jgi-Triatr1-31322-CE31321_721	3	gray_zone	Triatr1	Sordariomycetes	1496	-	-	GH92	0.6465	A0A8H8T062	52.2	0.8460	GT76	0.9635	QRW08158.1	CE0	0.9649
jgi-Triatro1-488283-fgenesh1_pm.5_#_313	-1	gray_zone	Triatro1	Sordariomycetes	432	-	-	CBM50	0.7357	A0A160T068	75.5	0.8398	AA6	0.9494	6667	GH0	0.9497
jgi-Tricam1-286286-MIX7301_323_99	4	gray_zone	Tricam1	Sordariomycetes	1474	-	-	CBM20+GH15	0.6807	A0A5Q3EKU1	51.0	0.8189	GT1	0.9284	53392	CE0	0.9401
jgi-Tricap1-109260-CE109259_1155	3	gray_zone	Tricap1	Sordariomycetes	952	-	-	GH12	0.7410	A0A6M7ZV70	70.4	0.8768	GT1	0.9729	4997	GT0	0.9675
jgi-Trice1-516919-MIX4968_10_11	5	gray_zone	Trice1	Sordariomycetes	2273	-	-	CBM1+GH45_2	0.7439	A0A6L9JRK9	40.1	0.8656	GT1	0.9587	428823	GH0	0.9618
jgi-Trich5757_1-167830-CE167829_3873	14	gray_zone	Trich5757_1	Sordariomycetes	399	-	-	AA5_1	0.6646	A0A8H8T2A6	77.0	0.8504	GT66	0.9315	650369	GH0	0.9435
jgi-Trich5757_1-355632-fgenesh1_pm.6_#_243	0	gray_zone	Trich5757_1	Sordariomycetes	555	-	-	GH75	0.6586	A0A6M7ZQI8	74.4	0.8090	GT50	0.9467	2748	CE0	0.9788
jgi-Trichl1-315533-fgenesh1_kg.42_#_37_#_TRINITY_DN2453_c0_g1_i4	-1	gray_zone	Trichl1	Sordariomycetes	1221	-	-	CBM18+GH16_19	0.8515	WEJ95743.1	64.6	0.7360	GT20	0.9733	EAA65303.1	GT0	0.9744
jgi-Trichpleur1-375169-fgenesh1_kg.9_#_1260_#_TRINITY_DN5584_c0_g1_i17	4	high_confidence_non_cazyme	Trichpleur1	Sordariomycetes	388	-	-	-	0.6356	A0A5Q3EKU1	77.9	0.7588	GH13_25	0.9175	206591	CE0	0.9469
jgi-Tricre1-323640-fgenesh1_kg.4_#_781_#_TRINITY_DN8346_c0_g1_i1	-1	gray_zone	Tricre1	Sordariomycetes	366	-	-	GT15	0.6621	A0A2V1A8H6	73.5	0.8562	AA6	0.9342	10726	GH0	0.9211
jgi-Triei1-42974-CE42973_2877	3	gray_zone	Triei1	Sordariomycetes	1471	-	-	GH0	0.6671	A0A8H8T062	52.4	0.8569	GT50	0.9140	10413	GH0	0.9979
jgi-Trigha1-458822-fgenesh1_kg.45_#_27_#_TRINITY_DN2519_c0_g1_i2	-1	high_confidence_non_cazyme	Trigha1	Sordariomycetes	983	-	-	-	0.7180	A0A9P9K3K3	64.7	0.8491	GT20	0.9675	EAA65303.1	GT0	0.9736
jgi-Trigra1-415183-fgenesh1_kg.59_#_92_#_TRINITY_DN16897_c0_g1_i1	3	gray_zone	Trigra1	Sordariomycetes	1281	-	-	CBM48	0.7406	A0A8F3AH03	55.1	0.8036	GT39	0.9804	366132	GH0	0.9823
jgi-Triha1-511830-fgenesh1_kg.13_#_279_#_Locus6399v3rpkm0.00_PRE	17	gray_zone	Triha1	Sordariomycetes	424	-	-	GH76	0.6659	A0A6L9JMI7	65.7	0.8939	CE9	0.9675	7007	GH0	0.9593
jgi-Triham1-1286-D551_00002881-RA	31	gray_zone	Triham1	Sordariomycetes	1680	-	-	GH67	0.6246	K8ELT8	48.2	0.8630	GT2	0.9731	458666	GT0	0.9706
jgi-TriharM10_1-386351-estExt_Genewise1.C_720151	4	gray_zone	TriharM10_1	Sordariomycetes	859	-	-	GH93	0.6970	A0A7D5ZAS3	59.6	0.8056	GT1	0.9453	4117	GH0	0.9537
jgi-TriharM10_1-439666-fgenesh1_kg.83_#_16_#_TRINITY_DN7970_c0_g2_i1	19	gray_zone	TriharM10_1	Sordariomycetes	498	-	-	GH92	0.7008	A0A8H8P5D7	71.6	0.7842	AA6	0.9041	2560	GT0	0.9422
jgi-TriharM10_1-507884-estExt_fgenesh1_pm.C_10062	23	gray_zone	TriharM10_1	Sordariomycetes	468	-	-	GH78	0.6999	A0A1U8QJG0	65.8	0.8937	GH2	0.9796	7573	GT0	0.9792
jgi-Trihel1-24487-CE24486_3528	0	gray_zone	Trihel1	Sordariomycetes	501	-	-	GT31	0.6330	A0A7S8HVB4	75.1	0.7956	GT58	0.9422	433	GT0	0.9779
jgi-Trikon1-251415-CE251414_13495	25	gray_zone	Trikon1	Sordariomycetes	1068	-	-	GT18	0.7601	CAG5112430.1	54.6	0.8710	GT3	0.9658	10302	GT0	0.9559
jgi-Trilo3-1344562-e_gw1.25.168.1	-1	gray_zone	Trilo3	Sordariomycetes	789	-	-	GH3	0.7751	A0A8H8SYW4	64.0	0.8178	GT3	0.9457	568269	GH0	0.9374
jgi-Tripare1-380288-fgenesh1_pm.214_#_14	-1	gray_zone	Tripare1	Sordariomycetes	567	-	-	GT34	0.7314	A0A160T5V8	74.6	0.8978	GT33	0.9689	15566	AA0	0.9697
jgi-Triple1-107981-g1229.t1	3	gray_zone	Triple1	Sordariomycetes	1281	-	-	GH92	0.6409	A0A8H8T062	49.7	0.8430	GT22	0.9694	QRW08158.1	CE0	0.9686
jgi-Triple1-116396-g9692.t1	28	gray_zone	Triple1	Sordariomycetes	515	-	-	GH79	0.6085	A0A2G5UV03	57.2	0.8511	GH13_30	0.9324	UBM63576.1	GT0	0.9439
jgi-Tripleu1-343712-CE343711_121	0	high_confidence_non_cazyme	Tripleu1	Sordariomycetes	531	-	-	-	0.6220	A0A7S8CZV9	72.5	0.7828	GT57	0.9247	433	GT0	0.9697
jgi-Trisin1-489083-CE489082_14965	3	gray_zone	Trisin1	Sordariomycetes	1304	-	-	GT15	0.6615	A0A8S2ADH0	61.0	0.8100	GT50	0.9274	10413	GH0	0.9615
jgi-Tristr1-331688-fgenesh1_pm.9_#_214	5	gray_zone	Tristr1	Sordariomycetes	590	-	-	GT71	0.6216	K9UGD5	49.1	0.8633	GT1	0.9615	29925	CE0	0.9634
jgi-Valma1-9824-transcript:KUI72885	25	gray_zone	Valma1	Sordariomycetes	1121	-	-	GH16_22	0.7150	QWU90274.1	51.7	0.8408	GT3	0.9292	QWW23957.1	GH0	0.9404
jgi-Verped1-95432-CE95431_6257	10	gray_zone	Verped1	Sordariomycetes	590	-	-	GH13	0.6124	QYO62262.1	67.4	0.7674	AA6	0.9007	AZL15609.1	GH0	0.9380
jgi-XyFL0064_1-137551-CE137550_17375	-1	gray_zone	XyFL0064_1	Sordariomycetes	850	-	-	GH16_1	0.6769	A0A517L639	56.9	0.8244	GT34	0.9651	EAA65303.1	GT0	0.9661
jgi-XyFL0064_1-672350-fgenesh1_kg.64_#_82_#_TRINITY_DN4851_c0_g1_i1	29	gray_zone	XyFL0064_1	Sordariomycetes	763	-	-	GH30_3	0.7547	A0A507QPH5	61.6	0.8496	GT1	0.9572	3324	GH0	0.9852
jgi-XyFL0064_1-7961-CE7960_5955	-1	gray_zone	XyFL0064_1	Sordariomycetes	1970	-	-	CBM48	0.9310	A0A7R8XCR5	67.9	0.8933	GT3	0.9770	4045	GH0	0.9694
jgi-XyFL0641_1-767861-fgenesh1_kg.203_#_5_#_TRINITY_DN2150_c0_g1_i1	17	gray_zone	XyFL0641_1	Sordariomycetes	419	-	-	GH47	0.7231	A0A890D8Z7	79.6	0.8628	CE9	0.9668	UPX16359.1	AA0	0.9648
jgi-XylFL0662B-580229-fgenesh1_kg.39_#_165_#_TRINITY_DN4533_c0_g1_i1	33	gray_zone	XylFL0662B	Sordariomycetes	660	-	-	GH55_2	0.7580	A0A7H8QMI3	69.0	0.8698	GT35	0.9471	7573	GT0	0.9431
jgi-XylFL0933-68725-CE68724_1639	0	gray_zone	XylFL0933	Sordariomycetes	515	-	-	AA3_1	0.6327	A0A9Q8WAU1	70.3	0.7960	GT58	0.9489	433	GT0	0.9712
jgi-XylFL2044-427874-CE427873_13370	0	gray_zone	XylFL2044	Sordariomycetes	544	-	-	GH79	0.6531	A0A9Q8WAU1	69.7	0.8008	GT58	0.9412	433	GT0	0.9751
jgi-XylPMI506-415529-estExt_Genewise1Plus.C_11_t10041	0	gray_zone	XylPMI506	Sordariomycetes	519	-	-	GH105	0.6128	A0A7H8QMU0	72.7	0.8003	GT58	0.9607	433	GT0	0.9630
jgi-Xylcro1-342413-fgenesh1_kg.29_#_116_#_TRINITY_DN5819_c0_g1_i1	3	gray_zone	Xylcro1	Sordariomycetes	929	-	-	GH43_26	0.8449	QWU86368.1	67.1	0.8840	GT2	0.9680	QKD61617.1	CE0	0.9656
jgi-Xylcub1-480063-gm1.3939_g	3	gray_zone	Xylcub1	Sordariomycetes	722	-	-	GH5_12	0.6730	A0A9Q8SQH7	66.0	0.8754	GT59	0.9696	413	GH0	0.9760
jgi-Xylcur114988_1-597580-MIX6879_1_9	0	gray_zone	Xylcur114988_1	Sordariomycetes	537	-	-	GH35	0.6435	A0A7H8QT70	75.2	0.8272	GT76	0.9520	413	GH0	0.9591
jgi-Xylhyp1-279644-CE279643_4118	-1	gray_zone	Xylhyp1	Sordariomycetes	469	-	-	AA8	0.6450	G0WE70	54.7	0.8891	GT4	0.9631	5518	GT0	0.9710
jgi-Xylpal124036_1-620081-MIX8621_9_3	5	gray_zone	Xylpal124036_1	Sordariomycetes	3559	-	-	GT71	0.7947	A0A6L9JRK9	53.7	0.8666	GT1	0.9634	3850	CE0	0.9774
jgi-Xyltel121673_1-238324-CE238323_3450	-1	gray_zone	Xyltel121673_1	Sordariomycetes	447	-	-	GH23	0.6029	A0A8S1ZR80	65.0	0.8704	GT66	0.9236	3235	GH0	0.9393
jgi-Crywi1-570147-fgenesh1_kg.84_#_87_#_TRINITY_DN3563_c2_g1_i8	10	gray_zone	Crywi1	Tremellomycetes	702	-	-	GH152	0.8249	A0A8S2B1C7	75.5	0.7392	AA6	0.8698	WPZ09050.1	CBM0	0.9173
jgi-Papla1-462870-estExt_Genewise1Plus.C_4_t10430	10	gray_zone	Papla1	Tremellomycetes	583	-	-	GH13	0.6087	QYO62262.1	67.1	0.7665	AA6	0.9037	AZL15609.1	GH0	0.9377
jgi-Sirint1-600029-e_gw1.9.345.1	0	gray_zone	Sirint1	Tremellomycetes	502	-	-	GH3	0.6228	A0A7H8QK02	69.6	0.7862	GT58	0.9480	433	GT0	0.9760
jgi-Tillet1-226542-e_gw1.1.848.1	-1	gray_zone	Tillet1	Ustilaginomycotina	884	-	-	GT31	0.7017	A0A9Q8SDP9	67.1	0.8401	GT1	0.9546	399540	GT0	0.9651
